startid,endid,edist
E00176227,E00176229,0.03245683411862849
E00176329,E00176263,0.03502777983259548
E00176227,E00176226,0.03861492060070418
E00176218,E00009054,0.042978858733076275
E00176244,E00176243,0.04702343953815149
E00008938,E00176267,0.05090686771941435
E00176218,E00176217,0.053499972112176046
E00176329,E00008875,0.060622147050361355
E00176231,E00176226,0.06816141205259767
E00008938,E00008940,0.06926728169923402
E00008615,E00008618,0.06931234837310524
E00008892,E00176243,0.06943421250363588
E00009219,E00009214,0.07460435398149211
E00176231,E00008935,0.07582624347809201
E00009168,E00009157,0.07792786903285202
E00008615,E00176336,0.08200867608377968
E00176244,E00176245,0.08580769586121775
E00176231,E00176267,0.08848749731466184
E00009168,E00009165,0.09186283402989641
E00176244,E00008892,0.10165136496869766
E00008892,E00176244,0.10165136496869766
E00008938,E00008936,0.1020830642418372
E00176227,E00176231,0.10220078277586633
E00176231,E00176227,0.10220078277586633
E00176329,E00176281,0.10232202656322197
E00009219,E00009201,0.10357960326723868
E00008938,E00008935,0.10422799623907668
E00176329,E00008865,0.10519293995795162
E00176329,E00176283,0.10760794654667412
E00176329,E00008866,0.11036675051843377
E00176329,E00008871,0.11448255232123006
E00176227,E00176267,0.11571179361240275
E00176218,E00176216,0.1182160204372323
E00008938,E00176231,0.12006664815847023
E00176231,E00008938,0.12006664815847023
E00008615,E00008619,0.124260602288169
E00176227,E00008936,0.12726573774984207
E00008615,E00009196,0.12827030004253853
E00009219,E00009209,0.13018776772037613
E00008938,E00176226,0.13185565627990625
E00176231,E00176229,0.13332898439954116
E00008892,E00176245,0.13371824359084558
E00008892,E00008885,0.13453595008759164
E00008938,E00008925,0.13966676988103716
E00176218,E00009062,0.13989995045746628
E00008892,E00008889,0.14145964120545343
E00176329,E00176282,0.14289679723843357
E00009219,E00009212,0.1430007455085667
E00009219,E00009213,0.1446780492126137
E00176244,E00008885,0.1513735639600777
E00009168,E00009155,0.15260193448968137
E00009219,E00009221,0.15380374925535878
E00176231,E00008936,0.15400483110935317
E00176329,E00008864,0.15420579782224064
E00009168,E00009162,0.15462475905884632
E00176218,E00009053,0.15463647386694934
E00008938,E00176227,0.16646020545464874
E00176227,E00008938,0.16646020545464874
E00176227,E00008925,0.16844921670646587
E00176227,E00176230,0.17153862078258875
E00176231,E00008940,0.17220289287351515
E00176227,E00008935,0.1742047393155481
E00009168,E00009163,0.17697088438490377
E00176329,E00008879,0.17925500188276694
E00176231,E00008906,0.18057460630161878
E00008615,E00009203,0.18273666328624577
E00008938,E00176229,0.182741746957283
E00009219,E00009208,0.18617991251745325
E00176231,E00008921,0.18705542083824422
E00008938,E00008906,0.18924827196304497
E00009168,E00009188,0.19269857311874236
E00176218,E00008707,0.19343570702950344
E00009168,E00009185,0.20019301121918665
E00008615,E00008617,0.20228530412512497
E00176231,E00008925,0.20457440360179072
E00176329,E00008903,0.20638605297111545
E00176329,E00008904,0.20958923087791886
E00009219,E00176285,0.20984312366382304
E00176218,E00009063,0.2103621058698363
E00009219,E00009217,0.21387293585925088
E00176244,E00008905,0.2140155076670592
E00009219,E00009215,0.21712378532064364
E00176244,E00008889,0.21865949805572155
E00176329,E00008902,0.22414725758973017
E00176329,E00008874,0.22464593872361316
E00176218,E00009056,0.225658112872114
E00176231,E00176230,0.22637427950188554
E00008615,E00176335,0.22870637632128324
E00176329,E00008881,0.23073716117043203
E00009219,E00009216,0.23283233443190424
E00176227,E00008940,0.2343626640785713
E00176244,E00008888,0.24708276273756166
E00176218,E00008711,0.24730534825188544
E00008615,E00176316,0.24860940892293315
E00009219,E00009222,0.2488428083851291
E00008615,E00009212,0.2503588728525013
E00008615,E00008642,0.25089761924138104
E00008615,E00009208,0.2509337957010891
E00176218,E00009048,0.25118887931598144
E00009219,E00009203,0.25234866773770126
E00008892,E00008888,0.253883992488699
E00008615,E00008624,0.2628858271664652
E00176218,E00009067,0.26373215838988967
E00176218,E00008689,0.2654272893919724
E00009168,E00009175,0.26815845168113167
E00176227,E00008921,0.26976961738668775
E00009219,E00009196,0.27068889129956336
E00008938,E00008921,0.27724642191558263
E00008892,E00008905,0.27759388956167247
E00009168,E00009169,0.27865099046125225
E00009219,E00176326,0.2816139582780004
E00176227,E00008906,0.2820883415545114
E00009219,E00009210,0.2835014713260193
E00176218,E00008710,0.2881442316566537
E00176329,E00008900,0.28882464685170595
E00176329,E00008905,0.2908599586089775
E00008615,E00008641,0.2922799871390067
E00176218,E00008685,0.2924267404342609
E00176329,E00008888,0.29309314158126026
E00008938,E00008937,0.2942485958181766
E00176218,E00009051,0.30335582953356865
E00176231,E00008907,0.3055982391392365
E00176231,E00008919,0.3073153353088821
E00008615,E00008612,0.3093248869538317
E00176218,E00009050,0.3102897822439512
E00176231,E00008937,0.3126825932810413
E00009168,E00009158,0.3134062986683001
E00176244,E00008877,0.31626132330403806
E00009219,E00008624,0.3177078974859345
E00008615,E00009214,0.3186683254310023
E00176329,E00008877,0.3212286702925816
E00176218,E00176265,0.32226281425102865
E00008938,E00008907,0.3232132233758849
E00176227,E00008919,0.3240622213649876
E00008938,E00009190,0.3243576991563594
E00009168,E00009187,0.32479314897329686
E00176218,E00008687,0.32485009278895943
E00008615,E00009205,0.3290471866282432
E00008938,E00176230,0.3297894880374548
E00176329,E00008872,0.3300736270107583
E00008938,E00009192,0.3308308308153785
E00176244,E00008904,0.3370755489500671
E00008615,E00008939,0.33823928762491223
E00176329,E00008896,0.3384481517751444
E00008615,E00008622,0.3387821715394621
E00008615,E00009213,0.339068243756359
E00009219,E00008617,0.33914886740916483
E00176329,E00008895,0.3412064365747068
E00008892,E00008890,0.34229182368269645
E00176231,E00008928,0.34388165846407065
E00176231,E00008930,0.34413419620983493
E00008892,E00008891,0.34520660543502824
E00176329,E00008882,0.34772975604051676
E00008892,E00008904,0.349033210024433
E00009219,E00008619,0.35395029775518955
E00009168,E00009160,0.35571724957475626
E00009219,E00008618,0.356330365864328
E00176329,E00008899,0.36150270541861745
E00008615,E00008646,0.37055734231024656
E00009168,E00009223,0.3713656687430792
E00176218,E00009058,0.3730359399053305
E00008938,E00009205,0.37328070808443276
E00176218,E00008708,0.37630458504382713
E00176218,E00009064,0.38042653255786707
E00009219,E00009199,0.3808278916794695
E00176329,E00008891,0.38141535422159933
E00009168,E00009176,0.3815378240555581
E00009219,E00009218,0.3818797696657242
E00176244,E00008871,0.3831822135564797
E00009219,E00176268,0.3843229740335189
E00008615,E00008616,0.3846353477061987
E00008615,E00009218,0.3855014273384681
E00008892,E00008886,0.3855498181895199
E00176218,E00176287,0.3861026327312639
E00009168,E00009154,0.38652928763812994
E00176218,E00008830,0.3874257610601049
E00176244,E00008891,0.3880472863402124
E00176329,E00008887,0.3927951935563934
E00008615,E00009219,0.3932492848054248
E00009219,E00008615,0.3932492848054248
E00008615,E00176326,0.3951018216826368
E00176244,E00008879,0.39510610688777364
E00176227,E00009190,0.3952287223900169
E00009219,E00009207,0.3957693240185074
E00176329,E00008884,0.3961671583120054
E00009168,E00009174,0.4010018409496399
E00009219,E00009191,0.40199013992512994
E00008615,E00009191,0.40296134876308265
E00176244,E00008890,0.4032241616769207
E00008892,E00008877,0.4047634551413956
E00008938,E00008930,0.4056115592547072
E00008615,E00008937,0.4071335040757624
E00176227,E00008907,0.4076071782549983
E00176227,E00008928,0.4076122655514647
E00176231,E00008939,0.4076433020336814
E00176329,E00008885,0.40865627349402506
E00008615,E00009216,0.4111282329845531
E00176227,E00008937,0.4128204405561087
E00008615,E00008623,0.41661453846216806
E00176231,E00009205,0.41929066651667796
E00176218,E00008709,0.4195274133415096
E00176231,E00008926,0.42028422482408784
E00176218,E00008831,0.4204121009794833
E00008938,E00008939,0.4211386917548158
E00176231,E00009192,0.4214035863848367
E00176329,E00008894,0.42209921812891915
E00176231,E00009190,0.4234588870268906
E00008615,E00009209,0.42470676809295543
E00176218,E00176288,0.42491263843051114
E00176218,E00176289,0.42496902356050037
E00176244,E00008866,0.42598655333233565
E00008892,E00008871,0.4261153867041269
E00008938,E00008919,0.4267775571841287
E00008615,E00008907,0.42721865334385817
E00176218,E00176321,0.4281467509919929
E00176218,E00009068,0.4288620490751881
E00008892,E00008903,0.42973840282306397
E00176244,E00008903,0.43039995220835336
E00008938,E00009191,0.43253040886971217
E00176227,E00008930,0.43620426064056655
E00009168,E00176268,0.43697550774614297
E00009219,E00176336,0.4410926738827346
E00008938,E00008928,0.44381884933838406
E00176218,E00008686,0.44687610991071886
E00008615,E00008611,0.4484591803642563
E00176231,E00008920,0.4486076118703432
E00009219,E00009187,0.4488956823361014
E00008892,E00008866,0.4493497742515614
E00009168,E00009215,0.45198041346059126
E00176329,E00008883,0.45356228771029916
E00008615,E00008625,0.45394236787619546
E00009168,E00176286,0.4558706723852543
E00176329,E00008901,0.4577695853767766
E00176329,E00008890,0.4580096205976276
E00009168,E00009151,0.4585800714041181
E00009219,E00009223,0.4592168833143496
E00176218,E00008723,0.45948845579634584
E00176227,E00008920,0.46046887129100084
E00009168,E00176285,0.46073492004511696
E00176244,E00008886,0.46126568082396174
E00008892,E00008879,0.46261683032503575
E00008615,E00009199,0.4634029942512823
E00008892,E00008896,0.46418134327004934
E00176329,E00008880,0.4654528289075027
E00176218,E00176259,0.46575141234141526
E00176218,E00009047,0.4687207515280114
E00008615,E00009192,0.4698707552274248
E00176218,E00009070,0.4712405539053136
E00008892,E00008887,0.4722607924452515
E00176231,E00008923,0.47337771126441214
E00176218,E00009049,0.4737674289743169
E00008615,E00008621,0.4758799990933395
E00176329,E00008898,0.480146920007908
E00176329,E00008870,0.480928923756951
E00176227,E00008918,0.4826662542377928
E00009219,E00009200,0.4871748613598989
E00176231,E00008918,0.4886500107233805
E00176231,E00008641,0.48989372202758247
E00008615,E00008636,0.49195081549377184
E00008615,E00009201,0.4927034221648472
E00176329,E00008889,0.49354542859802303
E00176244,E00008896,0.4938839453151233
E00009168,E00009148,0.4945127186686306
E00176227,E00009192,0.49564596297962066
E00176227,E00008926,0.4968963208114741
E00176329,E00176244,0.49737812577553697
E00176244,E00176329,0.49737812577553697
E00008615,E00008930,0.49807050806182745
E00009219,E00009205,0.4989329364032842
E00176329,E00008893,0.5022206310537541
E00176218,E00009072,0.5028361053315108
E00176218,E00176247,0.5036394436747362
E00176218,E00176322,0.504382324228447
E00008938,E00008926,0.504818967191247
E00009219,E00009192,0.5064670024967572
E00008938,E00009207,0.5071215592281426
E00008938,E00008641,0.5076780346657686
E00176218,E00009066,0.5077590872253986
E00176227,E00008939,0.5095607124699698
E00009219,E00008622,0.5099952820888664
E00176227,E00008923,0.5108392266867442
E00176244,E00008887,0.5123358762384873
E00008892,E00008902,0.513225655131258
E00176227,E00009205,0.5145198723353634
E00008615,E00008628,0.5151147513681679
E00008615,E00009200,0.5160246443156555
E00176231,E00009191,0.5163901108629015
E00176329,E00176275,0.5175010755022939
E00176244,E00008902,0.517782260303455
E00176244,E00176283,0.5178981272026948
E00176244,E00176263,0.5186644631744143
E00008615,E00009207,0.5190851681891908
E00009168,E00009172,0.5192507116683106
E00176231,E00008611,0.520009998416296
E00176218,E00176324,0.5217564406694007
E00176218,E00176279,0.5220785044741804
E00176218,E00176325,0.522743822249502
E00176329,E00008878,0.5238471528270888
E00176218,E00008754,0.5256013015832409
E00008615,E00009215,0.5259476154067353
E00009168,E00009199,0.5269438291516695
E00176218,E00008705,0.5295640735321765
E00176231,E00008916,0.5318867255685257
E00176244,E00008864,0.5321451926701143
E00176218,E00176221,0.5323655399300198
E00176329,E00008869,0.5343772330188794
E00176218,E00008773,0.5347942817018516
E00176329,E00176243,0.5358239131150747
E00009219,E00009188,0.5359410546711011
E00008615,E00176268,0.5360494738081824
E00176329,E00008892,0.5363021536409691
E00008892,E00176329,0.5363021536409691
E00008892,E00176234,0.537340809291404
E00008615,E00008906,0.5379993777328879
E00009168,E00009216,0.5389911984040222
E00008615,E00008620,0.5395263059250137
E00176244,E00008875,0.5421350871442955
E00008892,E00008864,0.5424787701669656
E00176244,E00008865,0.5443171232075779
E00008615,E00009221,0.5456756117740652
E00176218,E00176302,0.5458638311025825
E00008938,E00009194,0.5473951391901433
E00176218,E00008724,0.5486634934620892
E00176329,E00008886,0.5489610790447534
E00008615,E00008610,0.5490856177583532
E00176227,E00008916,0.550891144270809
E00009168,E00176334,0.5523021306387047
E00009168,E00009200,0.5551520958629489
E00176218,E00008772,0.5573790046502924
E00009219,E00009194,0.5590441149042102
E00009168,E00009222,0.5593930615273655
E00008938,E00176326,0.5614809057278984
E00008892,E00176263,0.562134888936774
E00008615,E00009210,0.5621460737601469
E00009219,E00009204,0.5627606360879334
E00176218,E00009057,0.5641951946285921
E00176231,E00008634,0.5647547094739327
E00008892,E00008865,0.5654685832271548
E00009219,E00176335,0.5659329081878445
E00009168,E00009221,0.5661022251192647
E00008615,E00176285,0.5661894864345219
E00008615,E00008613,0.5662516040436341
E00008615,E00009217,0.567352305620628
E00008938,E00008920,0.5679927934649053
E00008892,E00008895,0.5710911944338992
E00176231,E00008642,0.5726224422260398
E00008892,E00008875,0.5731064968336225
E00009168,E00009153,0.573966209137828
E00008892,E00176283,0.5743109664284776
E00176218,E00008706,0.5750129044786393
E00009168,E00009183,0.5753037839828864
E00008938,E00008611,0.5765060471954925
E00176329,E00176245,0.5796693511555129
E00009219,E00008625,0.582077458207205
E00008938,E00008923,0.5861001702115295
E00176218,E00009060,0.5867570461885244
E00176218,E00009045,0.5868274408852756
E00176329,E00008868,0.5878150827097807
E00176329,E00008897,0.589425720922537
E00008938,E00009195,0.5894540858150178
E00176218,E00009075,0.5897051611992213
E00008938,E00008642,0.5897230106931254
E00008615,E00008926,0.5903573169157365
E00009168,E00009167,0.5910196161017806
E00176218,E00009052,0.5910708368038352
E00176227,E00008641,0.5912116142990115
E00176231,E00008913,0.5936411288210576
E00176244,E00008895,0.5939747640767165
E00009168,E00009161,0.594203733950767
E00176227,E00009191,0.5956263934690934
E00176329,E00008867,0.5958006683531288
E00176244,E00176281,0.5961255548288581
E00176218,E00008839,0.597385761662415
E00176227,E00008913,0.5981936123262439
E00176218,E00008704,0.6009392972880058
E00008615,E00008634,0.6028844830255757
E00176244,E00176282,0.6029742039763687
E00009219,E00009163,0.6059682152720437
E00009168,E00009184,0.606946656636395
E00176231,E00008922,0.607807135412197
E00009219,E00176286,0.6084818123336422
E00008938,E00008918,0.6086093796352448
E00176231,E00009207,0.6089512261536231
E00009219,E00009157,0.6097882819241075
E00176218,E00008838,0.6102392538881973
E00176227,E00008611,0.6113796974490557
E00009219,E00008623,0.6119545699298057
E00009168,E00009218,0.6190836506321522
E00176244,E00176234,0.6192286066792818
E00176231,E00008909,0.6202857042210383
E00176329,E00008748,0.621243625671094
E00176218,E00008725,0.6216141001916146
E00008615,E00009223,0.6219630406390964
E00008615,E00008631,0.6231254142931839
E00009219,E00008937,0.6232969149137791
E00009219,E00009185,0.6241227345169466
E00008615,E00008629,0.6245549229268256
E00009219,E00008642,0.6247557533476356
E00009168,E00009213,0.6249618435744547
E00176218,E00176301,0.6250658400144876
E00176329,E00176312,0.6258225984350759
E00008615,E00008921,0.6262683517989449
E00176218,E00176306,0.6280520481775224
E00009219,E00176316,0.6288558803135773
E00176218,E00176253,0.6299182799577422
E00008938,E00009202,0.630687907277389
E00176218,E00008752,0.6346871989413828
E00009219,E00008628,0.6349581963223918
E00009219,E00008641,0.6363539305151102
E00176218,E00008721,0.6364943079400767
E00008615,E00008940,0.6376152698249415
E00008892,E00176281,0.6381161815217993
E00009168,E00009201,0.6403960198291171
E00008892,E00008900,0.6409844620807589
E00176227,E00008634,0.6410081730157379
E00009219,E00008939,0.6415585270986786
E00008938,E00009203,0.6415906998305252
E00008615,E00009222,0.6420771863919154
E00009168,E00009186,0.643242683216875
E00008938,E00008618,0.6454284186778461
E00008615,E00008935,0.6454715138562824
E00008938,E00008634,0.6462575847702406
E00176231,E00176326,0.6467783975188234
E00176244,E00008900,0.6470823198241619
E00008938,E00008916,0.6498051160433194
E00176218,E00176300,0.6510269958518745
E00008892,E00176282,0.6558265217730164
E00008892,E00176233,0.6576558254808832
E00176218,E00008771,0.6577710886349546
E00008892,E00008894,0.6580698245209552
E00176227,E00008909,0.6627512858237044
E00009168,E00009219,0.6642808141139859
E00009219,E00009168,0.6642808141139859
E00176231,E00009194,0.6646564995612665
E00176231,E00008636,0.6652081109434195
E00008615,E00008946,0.665226347283406
E00008615,E00008928,0.6654748733257562
E00008938,E00009208,0.6693697183358726
E00008615,E00176274,0.669772125610728
E00176218,E00008832,0.6705422466183555
E00176218,E00009071,0.6713410121280252
E00008615,E00008632,0.6727088029341215
E00176329,E00176260,0.6730300969154493
E00176227,E00008922,0.6731902850294026
E00176227,E00009207,0.6734933985081033
E00176227,E00008642,0.6737688619555654
E00176231,E00008914,0.674625699766859
E00176218,E00009079,0.6759542405584712
E00176329,E00176234,0.6771157636106043
E00176231,E00008618,0.6779059194585499
E00009168,E00009181,0.6779100821828324
E00009219,E00176334,0.6799037369422076
E00176218,E00176330,0.680632001067458
E00009219,E00008612,0.6818443691114124
E00176244,E00008894,0.6866772749589883
E00009219,E00008631,0.6876810364827223
E00176218,E00008702,0.6882083119899092
E00176231,E00008924,0.6894299346800178
E00008615,E00176286,0.6906152864952775
E00176231,E00008912,0.690828196071929
E00009219,E00008907,0.6915859944829597
E00008615,E00008643,0.6934991237292054
E00176231,E00009203,0.6946606726373674
E00008615,E00008938,0.6950179853787605
E00008938,E00008615,0.6950179853787605
E00176218,E00009046,0.6953360079307248
E00176218,E00008765,0.6966649135940313
E00009219,E00008616,0.6968638150349119
E00176329,E00008857,0.6972495374176001
E00176244,E00008874,0.6979761799553164
E00009168,E00008631,0.6985571171622648
E00176218,E00008728,0.69864838110814
E00176227,E00008912,0.7002377199837099
E00008938,E00008922,0.7006351531703657
E00008615,E00008922,0.7014119202423099
E00009168,E00008632,0.701611657218576
E00176227,E00008914,0.7023840806751704
E00008615,E00008640,0.7024146097946876
E00009168,E00009170,0.7026475752310029
E00176227,E00009194,0.7028421006236356
E00009219,E00008621,0.7036460541614521
E00009168,E00009164,0.7037322732751519
E00176218,E00176219,0.704295432109293
E00008615,E00008630,0.7048281798353858
E00009168,E00008624,0.7068201879721624
E00176218,E00176328,0.7073760164509436
E00008615,E00176334,0.7075154581407245
E00176218,E00008767,0.7077607560595228
E00008615,E00008644,0.708538838854269
E00008938,E00009210,0.7088420784942151
E00008892,E00008899,0.7088759736546568
E00176231,E00009195,0.7090921232703714
E00009168,E00009214,0.7093542004055561
E00008938,E00008913,0.7134274776233325
E00008938,E00009206,0.71665311209814
E00008892,E00008874,0.7181003647018642
E00008615,E00176231,0.718533228180789
E00176231,E00008615,0.718533228180789
E00176244,E00008899,0.720018420614989
E00176227,E00009195,0.720379241291748
E00176329,E00008747,0.7206000629232627
E00008615,E00009194,0.7213304931922113
E00008615,E00008638,0.7218962210803573
E00009219,E00009162,0.7220251007506134
E00009219,E00008646,0.7228391964607056
E00176218,E00009078,0.7230078361822635
E00176329,E00008834,0.7248320689518494
E00008938,E00008636,0.7248570996168747
E00009168,E00009217,0.725017485784348
E00176227,E00176326,0.7254402342695266
E00176244,E00008881,0.7255212743572376
E00008938,E00008909,0.7293142716696762
E00176227,E00009202,0.7303862337051649
E00009219,E00008632,0.7305893412478142
E00008892,E00008893,0.730755659749519
E00176218,E00176323,0.7324283115131399
E00176231,E00009208,0.7327007382451688
E00008615,E00176267,0.7335392853699072
E00176218,E00176239,0.7340921482545903
E00008938,E00009209,0.7348748076128109
E00009219,E00009160,0.738494366698172
E00176244,E00176233,0.738631611013891
E00009168,E00009179,0.7421276406043701
E00176231,E00009202,0.7437207516171657
E00009168,E00009159,0.7463886889349196
E00009219,E00008906,0.7470533263703779
E00176227,E00008924,0.7471722310370384
E00008938,E00009196,0.7483890057136369
E00009219,E00009195,0.7488948199074381
E00176227,E00008636,0.7537796553800692
E00176218,E00176242,0.7539918460759115
E00008615,E00008626,0.7545052700280069
E00008615,E00008955,0.7548150356703324
E00009219,E00009165,0.7551949154198495
E00176329,E00008861,0.7555782107135378
E00176329,E00176233,0.7559973470780139
E00008892,E00008881,0.7564196438121413
E00009219,E00176315,0.7567310741876164
E00008938,E00009212,0.7577624939359624
E00009168,E00009152,0.7587179823103275
E00009168,E00008625,0.7600235189472915
E00009168,E00009212,0.7602550290632517
E00176231,E00008911,0.7610099626923207
E00009168,E00008628,0.7620925449556736
E00008938,E00176336,0.7623551068583773
E00176231,E00008955,0.762590205860265
E00009219,E00008940,0.7629144239782293
E00176218,E00008774,0.7631197534705748
E00176244,E00008893,0.7646793172670632
E00176329,E00176305,0.7649089636609819
E00009168,E00009209,0.7674860564622659
E00009168,E00009177,0.7686599269020276
E00009168,E00008617,0.771637513515893
E00008892,E00008901,0.7727660352887779
E00008615,E00008609,0.7734169718916929
E00008615,E00009188,0.7749016402628438
E00008615,E00008627,0.775408302989492
E00008938,E00176315,0.7767826495494226
E00176218,E00008700,0.7767900661137542
E00176227,E00008618,0.7774713741591607
E00176231,E00176336,0.7775056816210285
E00009219,E00008629,0.7780238657984873
E00008892,E00008739,0.7792097395342075
E00176218,E00008736,0.77925064250855125
E00176227,E00008911,0.7799636628183066
E00008615,E00176226,0.7821847608416657
E00176329,E00176307,0.7823493816301438
E00009168,E00009180,0.783360145213576
E00009168,E00009182,0.7841592651611501
E00009219,E00176314,0.7842076169957627
E00009219,E00009155,0.7857344032241251
E00009168,E00009173,0.7866220050094227
E00176218,E00176280,0.7869352125207024
E00176218,E00008762,0.7874525634601239
E00176329,E00008745,0.7875958340417686
E00008938,E00008924,0.7879367556047743
E00008615,E00008958,0.7880294088027419
E00176227,E00009203,0.7890557306736955
E00176231,E00009196,0.7894878642974872
E00008938,E00008914,0.7895287118186358
E00176218,E00176257,0.7899879340407888
E00008615,E00009179,0.790787849520359
E00176231,E00008917,0.7913585951476299
E00008615,E00008924,0.7917927057210195
E00176244,E00008901,0.7930102706119322
E00176231,E00176316,0.7940906750522396
E00008938,E00009214,0.794395684550819
E00176329,E00008859,0.7948933374610465
E00176218,E00009077,0.7961792889254988
E00009168,E00008622,0.796592166514957
E00176218,E00176241,0.7968845671638903
E00008615,E00008936,0.796899252104661
E00176218,E00176249,0.7971226879771589
E00176329,E00008739,0.7982273724854554
E00009219,E00009183,0.7998301706393272
E00176218,E00176319,0.8027252693923712
E00009168,E00176223,0.803657459093773
E00009168,E00008609,0.8044958572982689
E00008938,E00176316,0.8072623168493599
E00009219,E00009158,0.8080819636923124
E00176218,E00008842,0.80813886101647
E00176231,E00009210,0.8087079400154384
E00008615,E00008957,0.8090133121772608
E00176244,E00008872,0.809107018414784
E00008938,E00008912,0.8099631179801147
E00176218,E00008764,0.8102533458178214
E00176329,E00008856,0.8102548595948315
E00009219,E00008930,0.8115764443359711
E00176218,E00009074,0.8116944706729039
E00008938,E00008619,0.8118638625293548
E00008938,E00009204,0.8128668178305885
E00176218,E00176303,0.8139467502294289
E00008615,E00008923,0.8146205383624844
E00009219,E00008611,0.8156724284006193
E00176218,E00008766,0.816337460488586
E00008615,E00009187,0.8166368088814077
E00176231,E00009212,0.8170277824015622
E00176329,E00008853,0.8171286368185843
E00176218,E00008729,0.8180439473036503
E00176218,E00008726,0.8182605472127995
E00176231,E00009209,0.8185196533156412
E00008615,E00176227,0.8195395048439651
E00176227,E00008615,0.8195395048439651
E00176218,E00008841,0.822267242201094
E00008938,E00009217,0.822335518321419
E00176329,E00008743,0.8225107466397917
E00008938,E00009198,0.8232154836067594
E00176227,E00009208,0.8233843864350506
E00008892,E00176235,0.8254114698288132
E00008615,E00008919,0.8256738092708967
E00176227,E00009206,0.826390488256033
E00008615,E00009181,0.8266370930010204
E00009219,E00008620,0.8271015746478811
E00176218,E00008750,0.8271439212284326
E00008615,E00008925,0.8275367500050707
E00008892,E00008872,0.8283353857272944
E00008615,E00008945,0.8286869556454811
E00176227,E00008955,0.8296595591409728
E00009219,E00008935,0.8308945511916916
E00009168,E00009196,0.8309466131304423
E00008938,E00009219,0.8319645425137124
E00009219,E00008938,0.8319645425137124
E00176329,E00176309,0.8320516539026737
E00176231,E00009206,0.8327202766115569
E00008615,E00009183,0.8331658177488314
E00176218,E00008699,0.8359827655759511
E00008615,E00009185,0.8362193765639466
E00176227,E00008917,0.8380605229421185
E00009168,E00009208,0.8381120437178735
E00176231,E00008915,0.8393702367328022
E00176218,E00008770,0.8402064964292985
E00176231,E00008619,0.84047129830889
E00176231,E00008910,0.8405319995984111
E00176218,E00176220,0.8421576610760222
E00176218,E00176248,0.842385443370192
E00009168,E00008619,0.8425995687638053
E00009219,E00009181,0.8427289680111074
E00176231,E00008612,0.8430416144466736
E00176244,E00008882,0.8449616389138442
E00009219,E00009179,0.8450180571732637
E00176329,E00176255,0.848182327324148
E00008615,E00176229,0.8485711237609661
E00176218,E00176304,0.8490026310264507
E00008615,E00009204,0.8493623393640727
E00176329,E00008744,0.8495763208624048
E00009168,E00009156,0.8497335562005092
E00176218,E00176238,0.8502148949865346
E00176218,E00008761,0.8511276417817342
E00009168,E00008623,0.8512461533881086
E00009168,E00009210,0.8517477891042267
E00008938,E00008955,0.8519419828099208
E00009219,E00009184,0.8533373717364209
E00176244,E00008739,0.853444550152509
E00009219,E00008630,0.8539610372200357
E00008615,E00008909,0.8553529335081613
E00176244,E00008884,0.8559245885736678
E00176227,E00008910,0.8573832050774483
E00008892,E00008898,0.8573901217025134
E00009219,E00009169,0.8576859148225469
E00008615,E00176269,0.8583045526246378
E00176218,E00008846,0.8584219724774079
E00176218,E00008769,0.8588776047825488
E00176231,E00008957,0.8591099226990361
E00176329,E00176311,0.8594142043746631
E00176231,E00009214,0.8607118958356189
E00176218,E00008722,0.8607356344110615
E00009219,E00008609,0.8613497654321263
E00008938,E00008612,0.8617005440922823
E00176218,E00008785,0.862339470315511
E00008615,E00008635,0.8629193734689736
E00008938,E00009197,0.8630843273342328
E00009168,E00008629,0.8640756979293399
E00009168,E00176222,0.8644453859545802
E00176329,E00176278,0.8648312430815869
E00009219,E00176262,0.8651445420564393
E00008938,E00009201,0.8655187925244497
E00009168,E00009166,0.8657675942052372
E00176218,E00008844,0.8660431095747833
E00176244,E00008898,0.8684721761767226
E00008892,E00176236,0.8691707577593939
E00009168,E00009149,0.8702744858750732
E00176218,E00008758,0.8707753311348189
E00176218,E00009076,0.8708025474015523
E00176218,E00176240,0.8718673731280157
E00176231,E00176335,0.8719252574446533
E00176329,E00176276,0.8721635193110033
E00008938,E00176335,0.8723808609603936
E00176218,E00008753,0.8727613245768593
E00176227,E00009210,0.8752702235561435
E00176227,E00008915,0.8769185414352054
E00008892,E00008747,0.8772499636277732
E00009168,E00009171,0.8778549604143194
E00176231,E00008946,0.8780963484264825
E00008938,E00008911,0.8781675530996633
E00008892,E00008748,0.8788723880273114
E00008892,E00008882,0.8789385685222241
E00008615,E00009160,0.8789752724878208
E00008615,E00009157,0.879166264577993
E00176227,E00176336,0.8793627072789574
E00009219,E00008636,0.8809860752957167
E00008615,E00009184,0.8812702604775388
E00009219,E00176267,0.881420051497069
E00008938,E00008617,0.8828571652679085
E00008615,E00009180,0.8833906775085693
E00009219,E00009198,0.8855388881635727
E00008938,E00176314,0.8861009133016686
E00008892,E00008743,0.8870129493631028
E00009168,E00009203,0.8870364254690718
E00009219,E00176274,0.887200372094719
E00009219,E00008921,0.887254167905128
E00176227,E00009196,0.8874883052035158
E00176218,E00176272,0.8877681062220167
E00176329,E00008740,0.8890450715374689
E00176218,E00009069,0.8933871533064173
E00176227,E00176316,0.8952560562235301
E00009168,E00008630,0.8964645219360505
E00009168,E00008633,0.8967515854154253
E00008938,E00008917,0.896780848431843
E00176231,E00176315,0.8968449613177846
E00008892,E00008897,0.8981138571946196
E00176227,E00009209,0.8985903042343364
E00008938,E00009213,0.9006502928017986
E00009219,E00009148,0.9010422037423715
E00008615,E00009195,0.9021467481979087
E00008892,E00008734,0.9030999644496555
E00176231,E00009219,0.9054440899360006
E00009219,E00176231,0.9054440899360006
E00008615,E00008920,0.9056197797243257
E00008892,E00008870,0.9072018086985459
E00176218,E00176237,0.9081408911116546
E00176244,E00008870,0.9088546174752037
E00009219,E00009206,0.9094017676912738
E00176227,E00009212,0.9095294240518129
E00176218,E00008735,0.9106517718700986
E00008615,E00176230,0.9106653866376534
E00009219,E00009175,0.9117971392848003
E00176244,E00008748,0.9133174828267018
E00176227,E00176315,0.913569022373844
E00008892,E00008884,0.9139207609661433
E00176244,E00176235,0.9139352014913297
E00008615,E00008944,0.9144836583821644
E00176231,E00008908,0.9145412740958894
E00008938,E00176262,0.9147348187589365
E00008615,E00009190,0.9149116137649543
E00176231,E00008617,0.9153247545351559
E00176329,E00008742,0.9157061628694106
E00176218,E00008696,0.9167535606393836
E00176231,E00009217,0.9168009602378138
E00008892,E00176224,0.9198282466254143
E00009219,E00008936,0.9202008824192085
E00009219,E00009190,0.9211503324659631
E00009219,E00008627,0.9214445367708767
E00176218,E00008698,0.9219928375535072
E00009219,E00008613,0.9226075097688488
E00008615,E00008916,0.9234715701286924
E00009219,E00009202,0.9234821765394368
E00176244,E00008897,0.9238355289146858
E00009219,E00008610,0.9247256888553607
E00008615,E00008917,0.9253793914465857
E00176231,E00008646,0.9256852358874303
E00176329,E00008746,0.9260761625720288
E00176227,E00008957,0.9261123794010775
E00176218,E00176331,0.9272347577636444
E00176218,E00008847,0.9280677110750017
E00176244,E00008747,0.9285754577227407
E00008615,E00008633,0.9286861202500452
E00176218,E00008851,0.9289064806803842
E00176231,E00009204,0.9291329331856057
E00176329,E00008737,0.9293054294094862
E00008892,E00008737,0.9296859561861998
E00009219,E00008926,0.9297031535043723
E00009168,E00008627,0.9300655634658497
E00008938,E00008624,0.930748466625064
E00176329,E00176261,0.9308889534724143
E00009219,E00008925,0.9308909166003702
E00009168,E00008621,0.9319272361815746
E00176231,E00008958,0.9340202230882644
E00009219,E00009180,0.9345416240643782
E00176227,E00008908,0.9355444575352413
E00009168,E00176326,0.9388030770597825
E00176227,E00008619,0.9409559507655154
E00176231,E00009198,0.941927961390885
E00009168,E00009178,0.9428465792275209
E00008938,E00009221,0.9432784229934416
E00009219,E00008626,0.9432921617928691
E00176227,E00008612,0.9433811995629513
E00176218,E00008732,0.943503900217196
E00008615,E00009163,0.9447734743947902
E00176227,E00009198,0.944998947327461
E00008938,E00008646,0.9451537038704647
E00176244,E00008883,0.9460437446719747
E00008938,E00008946,0.9471101377981498
E00008938,E00008957,0.9476814672030115
E00009168,E00176336,0.9485440416517517
E00176231,E00009201,0.9488458653611606
E00008938,E00008915,0.9495374085906122
E00008615,E00009168,0.950025262822003
E00009168,E00008615,0.950025262822003
E00009168,E00008618,0.9500297646058374
E00176244,E00008880,0.950266641494886
E00176227,E00009214,0.9503814947866667
E00176329,E00176264,0.9509034642665225
E00176218,E00176320,0.9509531627357062
E00176244,E00008743,0.9525070510699049
E00008615,E00009162,0.9525704740931396
E00176218,E00009065,0.9526487198001787
E00009219,E00176226,0.9534978637066075
E00176218,E00008727,0.9549791857548785
E00009168,E00176251,0.9561808945644159
E00176329,E00176235,0.9564920357875504
E00176231,E00008610,0.957616646486978
E00008938,E00008910,0.9580111702631582
E00176244,E00176236,0.9584016893474652
E00176231,E00009213,0.9595415102662025
E00176218,E00008850,0.9599090882521022
E00176227,E00008946,0.960084865582155
E00176218,E00008757,0.9634146380951315
E00008615,E00009182,0.9643564637301393
E00008615,E00008759,0.9647853428406489
E00008615,E00008914,0.9660792259364416
E00176218,E00008840,0.9671018196782669
E00176231,E00008624,0.9683483815883935
E00176218,E00008692,0.9689745787383256
E00176227,E00009204,0.9691218032477096
E00176227,E00009197,0.9698974533888047
E00008892,E00008880,0.9700642143373226
E00176218,E00008789,0.9719554203382721
E00009219,E00008634,0.9734672536213245
E00009219,E00009186,0.9735915126540039
E00176227,E00176335,0.9740061234766001
E00008892,E00008740,0.9743041512921032
E00176329,E00008734,0.9752490398811076
E00176244,E00008869,0.9753008567456531
E00008892,E00008869,0.9760514838719921
E00176218,E00008786,0.9781245520469237
E00176231,E00009197,0.9787352104068198
E00009219,E00008928,0.9794049127036235
E00008615,E00009158,0.9806609302123634
E00008615,E00008639,0.9825966562659858
E00176231,E00008942,0.9827949303659135
E00176218,E00008742,0.9838623006889854
E00176218,E00008849,0.9862992038088656
E00176329,E00176310,0.9863812962470184
E00176244,E00008734,0.9865069324586702
E00009219,E00009151,0.9868974485167468
E00008615,E00176315,0.9871475404624236
E00009168,E00009065,0.9879587184377203
E00176218,E00009073,0.9881732905122749
E00176227,E00009217,0.9885994824462365
E00008938,E00009222,0.9896635303399786
E00008892,E00008883,0.989809224463428
E00008615,E00008918,0.9902712825180553
E00176227,E00009219,0.9916935010375145
E00009219,E00176227,0.9916935010375145
E00008615,E00008763,0.9929271195939315
E00008892,E00008867,0.9932527334016943
E00176218,E00008791,0.9937624707755925
E00009168,E00176335,0.9947320536556505
E00009219,E00009182,0.9950002789637473
E00008615,E00008637,0.9955409315262413
E00176244,E00008878,0.9960353555597637
E00009219,E00009197,0.9977569874925154
E00176329,E00008833,0.9989057433677772
E00009219,E00009154,0.9992789121171122
E00176218,E00008746,0.9993573089160541
E00176231,E00008616,1.0003361538527933
E00176329,E00176236,1.0007663534232185
E00176218,E00176317,1.0007982339138592
E00008892,E00008731,1.0011589720918048
E00176218,E00008833,1.002244418359608
E00008938,E00008610,1.0024608329651001
E00176329,E00176237,1.0031818958239576
E00176244,E00008867,1.003256490838723
E00008615,E00009148,1.0039458137394888
E00009168,E00009204,1.0047453704944267
E00008615,E00009149,1.0047587734203443
E00176244,E00008737,1.004788868932125
E00176231,E00176314,1.006141853097335
E00008615,E00008956,1.0062530580664621
E00008938,E00009216,1.006904604198963
E00176227,E00008958,1.0080031305198531
E00008892,E00008878,1.008426381807307
E00176244,E00176224,1.0085318028153711
E00008892,E00008745,1.0103265401838186
E00008892,E00008744,1.0109973219400998
E00008938,E00008616,1.0111074150183554
E00176218,E00176251,1.0112131867860537
E00009168,E00008626,1.011388353947181
E00009219,E00176229,1.0129972152385511
E00009219,E00009161,1.0132588629964787
E00008938,E00008958,1.0140043753051384
E00176244,E00176275,1.0148059997585896
E00176218,E00008731,1.0151785179957868
E00176227,E00008617,1.0152816172199828
E00008615,E00008915,1.0161915746122918
E00008615,E00009186,1.0169727575073373
E00009219,E00008633,1.0178783316020228
E00176218,E00008740,1.0191358247186468
E00009168,E00176274,1.020880849191091
E00008615,E00008913,1.020921737366749
E00009168,E00176317,1.022024648922399
E00176231,E00008944,1.0222500562229668
E00176218,E00008828,1.022663408511309
E00176227,E00176314,1.0249851055279497
E00176227,E00008646,1.0257554835046996
E00176231,E00008638,1.0261073793760767
E00009219,E00009159,1.026180608357918
E00176231,E00009221,1.0266380118060077
E00009219,E00008644,1.0270262431723973
E00176329,E00008860,1.0270425929551132
E00008892,E00008732,1.0272878037458226
E00176329,E00176240,1.0274735141719604
E00176227,E00008942,1.0284245617219168
E00008615,E00009159,1.0289577984397735
E00176227,E00009201,1.0292823704955678
E00176218,E00008737,1.029709621752723
E00009168,E00009207,1.0301599292508037
E00176218,E00008694,1.0302672861976403
E00008938,E00008908,1.0307870226312659
E00176218,E00008768,1.0328372991100019
E00008938,E00008622,1.033321799708546
E00176231,E00176262,1.0345820898556226
E00008615,E00008953,1.0346436295290398
E00009219,E00176269,1.0360712413034219
E00008938,E00176285,1.0369353077935966
E00176231,E00008613,1.0377279138010158
E00176218,E00008782,1.037761380204942
E00176244,E00008740,1.038756886487447
E00176329,E00176224,1.0392862662856732
E00176329,E00008829,1.0401051401104047
E00009219,E00008643,1.040263894698407
E00008615,E00009165,1.0404061150704669
E00009168,E00008616,1.0419004955872984
E00009219,E00009176,1.0451038930101766
E00176227,E00176262,1.045644493434572
E00009219,E00009174,1.045649928247915
E00008938,E00009215,1.0475005633181904
E00008892,E00008735,1.0475443444598471
E00008892,E00176275,1.0482149164870405
E00008615,E00176314,1.0499287178442416
E00176227,E00008610,1.050922813354507
E00176218,E00008744,1.0509806529950645
E00176231,E00008622,1.0511492404757934
E00008615,E00008788,1.0522352875446381
E00176227,E00009213,1.0524358687938833
E00008615,E00009202,1.052458953302128
E00176244,E00008868,1.0530452950662408
E00176218,E00176313,1.05403876438205
E00176244,E00008745,1.054131195724652
E00176218,E00008756,1.054292508415425
E00009168,E00176269,1.054926348640557
E00176218,E00176299,1.0559159678051984
E00008938,E00009218,1.0559717716302526
E00009219,E00008946,1.0578886770922387
E00008892,E00008742,1.0584136642716426
E00176218,E00176333,1.0585357572745844
E00176329,E00176308,1.0586838768305884
E00009219,E00009167,1.0606388606010029
E00176218,E00008734,1.0610254340914838
E00009219,E00009149,1.0613424408573262
E00008892,E00008868,1.0614239810090236
E00008615,E00008942,1.0622018909571929
E00008615,E00009169,1.0622314448768242
E00176231,E00009216,1.0630533617636595
E00008615,E00008768,1.064058479799509
E00009168,E00009191,1.0644989847796753
E00176244,E00008744,1.0647859986730364
E00176218,E00008787,1.0654701422981918
E00176218,E00008760,1.065939827319011
E00008615,E00008912,1.0662000658825517
E00176329,E00176238,1.0665865223492592
E00176329,E00008735,1.066720288365204
E00176227,E00008624,1.0673968465968247
E00008615,E00008911,1.0686515004045913
E00009219,E00008640,1.068795260119034
E00176218,E00176224,1.0692277340632383
E00008892,E00008857,1.0702424460975897
E00009219,E00008922,1.0725571573851087
E00008938,E00008613,1.0758442782679645
E00009168,E00176266,1.0773643921557428
E00008615,E00009206,1.0778135919906664
E00009168,E00176331,1.0794669851389713
E00176231,E00009222,1.080199629367179
E00176218,E00009166,1.083596812092073
E00008615,E00008790,1.0853594385087464
E00176244,E00008857,1.0869659955256425
E00176218,E00008691,1.0874580326780374
E00008938,E00008942,1.0879124648394563
E00008938,E00008638,1.0888213342923485
E00176227,E00008944,1.0893902172535923
E00009168,E00008620,1.0900357878460136
E00176231,E00008945,1.0906103265863492
E00176244,E00008731,1.0921079412768488
E00176329,E00008732,1.0927781347213015
E00008615,E00009155,1.0934402564429464
E00009168,E00176304,1.0939617879479289
E00176231,E00009218,1.0942679884195967
E00008615,E00008780,1.0971196268785097
E00176218,E00008743,1.0976918366910393
E00176218,E00008848,1.0983539393192037
E00176231,E00008640,1.0984558462008662
E00008615,E00008784,1.0984928005098713
E00008615,E00009161,1.098670306070523
E00176218,E00008854,1.0995848609443508
E00009168,E00176316,1.1014731436603447
E00176227,E00008616,1.1015432813580202
E00008615,E00009198,1.1024860236981573
E00009168,E00009069,1.1030782872004605
E00008615,E00176317,1.1033509192477882
E00008938,E00008623,1.1040468022950978
E00009219,E00008638,1.105077707679436
E00176329,E00008858,1.1057692834384782
E00176218,E00008829,1.1061489386533754
E00009219,E00008919,1.1070883412429326
E00176227,E00009221,1.1071247668104052
E00176231,E00008953,1.107983861852184
E00176231,E00008952,1.1082937794000842
E00008615,E00008952,1.1090692780241533
E00009219,E00009164,1.1095157152779984
E00008938,E00008944,1.1095694991518046
E00176227,E00008638,1.1110544199138181
E00008615,E00008796,1.111501641817025
E00176244,E00008732,1.1117149453546809
E00009219,E00009153,1.113137095434308
E00176231,E00008623,1.1132567528014086
E00008892,E00008853,1.1136359266424838
E00176231,E00176285,1.1138044606433317
E00008938,E00009199,1.1146363609182768
E00176244,E00008742,1.1159983533666182
E00176231,E00009215,1.117312320773344
E00176218,E00176236,1.119730773955909
E00009168,E00008646,1.1203135953562202
E00176244,E00176312,1.1213173826852156
E00008615,E00176262,1.1215431728871894
E00009219,E00009172,1.1215544630413283
E00176329,E00176248,1.1223073033719684
E00176218,E00008718,1.125541444271611
E00009168,E00008612,1.1264009737606862
E00008615,E00008760,1.1265822559694398
E00176244,E00008735,1.1269526341465574
E00176329,E00176257,1.1271288603926422
E00009219,E00176230,1.1280811790026621
E00176218,E00176222,1.1288632615590761
E00176218,E00008745,1.129463305203006
E00008615,E00008954,1.1298979506840345
E00008892,E00008727,1.1302682067655274
E00176218,E00008720,1.1318521683899445
E00176227,E00008613,1.13309880640736
E00008892,E00008746,1.1338183853175452
E00176329,E00008731,1.134374935988985
E00008892,E00176240,1.1364365087081305
E00008615,E00008910,1.1367957672110498
E00176218,E00009149,1.1393059136004036
E00009168,E00009194,1.1393217510470426
E00176329,E00176249,1.139946558259728
E00008615,E00009151,1.1399476522582157
E00008892,E00008729,1.1402584916236287
E00008892,E00008856,1.140263996404741
E00009219,E00008955,1.141978083885147
E00176231,E00008620,1.145170232229684
E00009219,E00008923,1.145834876202508
E00176244,E00008853,1.1463395897852253
E00176231,E00008621,1.1472672642139663
E00176218,E00176223,1.1472907467407514
E00008938,E00008621,1.1473231661293608
E00176329,E00008729,1.1480775077145033
E00008938,E00008625,1.148757389248503
E00008892,E00176312,1.149267772415082
E00008938,E00008640,1.1503362421713867
E00008615,E00176251,1.1514855739999796
E00008615,E00009175,1.1516968781793402
E00176227,E00008622,1.152977382151454
E00176218,E00008779,1.1541174676799768
E00009168,E00009073,1.1542594500727488
E00008615,E00008807,1.1550052462772453
E00176231,E00008643,1.1551054292198317
E00176227,E00009222,1.1554153051111102
E00009168,E00009205,1.1560296825894787
E00176218,E00176235,1.1563661585004354
E00176227,E00009216,1.1570866553361632
E00176218,E00176277,1.1574938943221504
E00176231,E00009199,1.1598740867357418
E00176227,E00008952,1.1601188195425933
E00008938,E00008945,1.1610598143321083
E00008938,E00008620,1.16169226767897
E00176329,E00008849,1.1628581733960552
E00008938,E00176268,1.1632438516364578
E00176329,E00008736,1.1654334403345672
E00176218,E00176258,1.1654716236515785
E00176329,E00176239,1.1657996998322604
E00008892,E00008859,1.1661763922922637
E00176244,E00176260,1.1664195803200512
E00176231,E00008625,1.1666214790380596
E00176329,E00008846,1.166639962812845
E00176244,E00008856,1.1669592252932466
E00008615,E00009167,1.167000040538625
E00176231,E00008949,1.16769890024606
E00009219,E00008924,1.168009848773976
E00009168,E00009192,1.1683597676306683
E00176227,E00008953,1.1687559463484463
E00008615,E00008908,1.1692110382753773
E00008615,E00009164,1.170178261825542
E00176227,E00008945,1.1706637546523566
E00176218,E00008853,1.1709824367209931
E00008892,E00176237,1.1735255907345186
E00008892,E00176257,1.1759197251215345
E00008615,E00176331,1.1760347120748822
E00176218,E00008633,1.177685685548115
E00008892,E00008736,1.178313745931018
E00176218,E00008747,1.1786189684054114
E00176218,E00008695,1.1790099171296793
E00008615,E00008777,1.1791307627410592
E00176218,E00008739,1.1811324227981432
E00009219,E00008958,1.1811564736045466
E00176244,E00008746,1.1824139642630154
E00176218,E00008759,1.18332834908993
E00008615,E00008775,1.183532293197349
E00176244,E00008859,1.1847337092950052
E00176218,E00008719,1.1862278256743122
E00176227,E00008640,1.188495406828667
E00176329,E00008854,1.188919739266693
E00008938,E00009200,1.1908781178362409
E00176227,E00009218,1.1933036623089115
E00008615,E00008943,1.1937189609435022
E00009219,E00176317,1.194489230175272
E00176218,E00009171,1.1962638502955716
E00176244,E00008834,1.1983681655405414
E00008938,E00008643,1.1983727669691404
E00176218,E00008852,1.1984151119983428
E00176227,E00176285,1.1984205073967102
E00009168,E00176314,1.198610480745953
E00008615,E00009197,1.199730843185229
E00008615,E00008781,1.1998574459868627
E00009168,E00008642,1.1999879796652073
E00176244,E00176240,1.2002783020303232
E00009219,E00008957,1.2005207183884783
E00009219,E00176251,1.2008570177709879
E00008938,E00008953,1.2011164765021816
E00176218,E00176266,1.2016384337581991
E00008615,E00009154,1.2049949668783222
E00176227,E00009215,1.2056930231828926
E00008938,E00008952,1.2087392892832831
E00008615,E00008949,1.2089034227910813
E00008892,E00176260,1.209298631171764
E00008938,E00008628,1.2096301224246704
E00009219,E00008759,1.2104661439957645
E00176218,E00008763,1.2105923512169359
E00176218,E00008790,1.2106159765838358
E00008615,E00176332,1.2120533725442482
E00176244,E00008861,1.2124973923704179
E00176227,E00008949,1.2125623322682542
E00009219,E00008945,1.2132671669738944
E00009219,E00008909,1.213580353689472
E00009219,E00176223,1.2139562700348487
E00176218,E00009159,1.2139711812765746
E00009219,E00008920,1.2142923854772532
E00176218,E00009182,1.2146035695394208
E00008892,E00008861,1.21520867035458
E00176227,E00008623,1.215447859703545
E00176231,E00176268,1.2154994867830966
E00176218,E00176269,1.2155870948047323
E00176218,E00008714,1.2162196979493742
E00176218,E00008778,1.2168889065370656
E00176244,E00008729,1.2194802760683965
E00176329,E00008847,1.219853574958913
E00176218,E00008856,1.2228678994466178
E00176244,E00008727,1.224280427526715
E00009219,E00008635,1.2255987716654981
E00176231,E00008628,1.2260555717735766
E00008892,E00008726,1.2263075442665197
E00176231,E00009200,1.2283887868020908
E00009168,E00176315,1.2285517989246615
E00176244,E00176237,1.2287243889940844
E00009219,E00009170,1.2296986512873156
E00176231,E00008644,1.2304366445147414
E00176231,E00008635,1.2330110044553155
E00008615,E00008770,1.2341992426841255
E00008892,E00176238,1.2366096901031307
E00176218,E00009152,1.2373191224097868
E00009168,E00008641,1.2391098945944905
E00176218,E00009164,1.2392994482565547
E00008615,E00008791,1.240714622434203
E00009219,E00009152,1.2414906534810803
E00009168,E00176333,1.2426370183722748
E00176227,E00008620,1.2454506007003974
E00008938,E00009187,1.2465409747055993
E00008615,E00008769,1.2474665141786663
E00176218,E00008715,1.247807821713758
E00176227,E00008643,1.2484550078449488
E00176244,E00176257,1.2485297585279973
E00176227,E00008621,1.2492733574110173
E00008938,E00009223,1.2498622411773983
E00176218,E00008858,1.2513527848676265
E00009219,E00008916,1.2516478789324235
E00008892,E00008834,1.2536320689025573
E00176244,E00176305,1.2537400546719522
E00008615,E00009153,1.2548536525157432
E00176244,E00008736,1.2554803836978328
E00176218,E00009141,1.257283504719641
E00176227,E00009199,1.2573439318981436
E00176218,E00008716,1.2584419981170754
E00009168,E00008768,1.2603496770472937
E00009219,E00009166,1.2605618601146402
E00009219,E00008763,1.2608709358316241
E00008615,E00176223,1.261836409189855
E00008892,E00008833,1.262012800304762
E00176218,E00008783,1.2630807179250156
E00009219,E00008768,1.263598571712182
E00176218,E00009180,1.2636588175251164
E00176218,E00008860,1.2637989617593721
E00008938,E00008644,1.265188210569805
E00009168,E00008939,1.2680757294787426
E00009219,E00176331,1.2682618925146403
E00176227,E00008625,1.2684898231176096
E00176218,E00176271,1.2693064386900625
E00176218,E00008717,1.2696994231963092
E00008615,E00176319,1.2697833154207767
E00176218,E00009173,1.2706794461094255
E00008892,E00008728,1.2720611032591715
E00008938,E00008949,1.272640707205295
E00176329,E00176306,1.2727687846659725
E00008892,E00176305,1.2734666806354678
E00008892,E00176309,1.2749502918788984
E00008615,E00008783,1.2753133254200835
E00008615,E00009174,1.2753916780522707
E00176231,E00008956,1.2766681811919647
E00009168,E00008937,1.2774345283187767
E00176244,E00176309,1.277493943923889
E00009168,E00176262,1.2775713509036921
E00008615,E00176250,1.2781226018195826
E00008615,E00008804,1.278611255671202
E00176244,E00176307,1.2794806887706738
E00008892,E00176239,1.279958089989228
E00176329,E00176253,1.2804204768064218
E00008615,E00008951,1.2817126152339902
E00009168,E00008613,1.2826506504430502
E00009168,E00008774,1.2842720483359544
E00009168,E00008770,1.2844529818728365
E00009168,E00176319,1.284455788309184
E00176218,E00008712,1.2859320561075536
E00176329,E00008727,1.2870086476885116
E00176329,E00008851,1.2873116583989719
E00176218,E00009140,1.2883189771706318
E00176218,E00009156,1.2885531919687132
E00009168,E00008644,1.2899879852793124
E00009168,E00009076,1.2901698851550192
E00176218,E00009178,1.2904575707713029
E00176231,E00008943,1.2906203321333034
E00176329,E00008842,1.2906291739631914
E00009219,E00008918,1.2914325104239956
E00008938,E00008635,1.2922282310443687
E00176218,E00008748,1.2925329908505625
E00176244,E00176238,1.2927262640083783
E00008615,E00009166,1.2928353147930016
E00176231,E00176254,1.297972421861126
E00176329,E00008728,1.2988179897218182
E00176218,E00008781,1.3001224052719023
E00176218,E00176233,1.3004212820425118
E00009168,E00008759,1.3004536338371
E00176218,E00008627,1.3005360934418497
E00008615,E00008779,1.300548164892044
E00176231,E00009223,1.302989294630213
E00176244,E00008833,1.3029942126245888
E00009168,E00009195,1.3033906257466024
E00009219,E00008917,1.303718104543342
E00008615,E00008787,1.3046452721445638
E00176218,E00008859,1.3046503217107857
E00176218,E00009186,1.3047404743901874
E00176218,E00009136,1.3053956354917908
E00176218,E00008788,1.3064965940843165
E00008615,E00009172,1.306802861019236
E00176218,E00176310,1.3076043199630534
E00009219,E00008944,1.3076060222589834
E00008615,E00009176,1.3078524256142585
E00176227,E00176254,1.308812486153771
E00009219,E00009173,1.3095444562002756
E00176231,E00008954,1.3103797292997905
E00008615,E00008774,1.3106545472156592
E00176227,E00176268,1.3109949215652865
E00008938,E00008629,1.3113647653312093
E00009219,E00008639,1.3152304014525122
E00008892,E00176307,1.3154551922954123
E00176244,E00008726,1.3168015883666861
E00176231,E00008629,1.317718293017162
E00008938,E00008631,1.3178316834626569
E00176231,E00008951,1.3183545835812773
E00176227,E00008635,1.3191488214405087
E00176218,E00008626,1.3197066729012183
E00009219,E00008914,1.3201528717485607
E00008615,E00008776,1.3202116872835425
E00176231,E00176274,1.3215342001798418
E00009219,E00176222,1.3217625608625732
E00008615,E00009065,1.322941940274456
E00008892,E00176249,1.3235009345248427
E00176227,E00008644,1.3264554633174321
E00176227,E00009200,1.3276944925475611
E00176227,E00008628,1.3280278608060274
E00176244,E00176278,1.328296241434878
E00176218,E00008784,1.3283326378479434
E00176218,E00008713,1.3292114625340912
E00008938,E00176274,1.329420734848493
E00176329,E00008839,1.33042287947747
E00009219,E00009065,1.331009998210725
E00008615,E00009152,1.3312202900651258
E00009168,E00008610,1.3313640552565225
E00176218,E00009170,1.331444905723859
E00176329,E00008832,1.3322876132802812
E00008892,E00176278,1.3325941839171827
E00176231,E00176318,1.3329135958463698
E00176231,E00009187,1.3330687670259127
E00008892,E00176248,1.3335614298568832
E00176329,E00008726,1.3339229337278107
E00008892,E00176253,1.3344551642618616
E00009168,E00008907,1.3353496702230812
E00008615,E00176304,1.3355449185595678
E00176218,E00008609,1.3358128874995363
E00008892,E00008722,1.337357205216699
E00176231,E00008631,1.3391249866752244
E00176218,E00009138,1.339420312244463
E00008615,E00008778,1.3405609508161607
E00176244,E00176255,1.343167056022808
E00176244,E00176239,1.3449054554610735
E00176218,E00176298,1.3456569199083026
E00009219,E00008913,1.3460420431130633
E00176329,E00008852,1.3461123521705343
E00008615,E00008762,1.3466930710819978
E00176218,E00009161,1.3467868916205537
E00176244,E00176311,1.3475647096450918
E00176218,E00008897,1.3485717164782103
E00009219,E00009177,1.348646778524631
E00176227,E00008943,1.3496635557485614
E00008615,E00009170,1.3499290333117717
E00176227,E00176318,1.3501533609157466
E00008938,E00008956,1.3504243706584085
E00176218,E00009179,1.3508036322682166
E00009168,E00009198,1.3510560537778515
E00009219,E00008637,1.3522094210380313
E00176218,E00008680,1.352497291487873
E00176227,E00008956,1.3538166895366537
E00176244,E00008728,1.3547644224827446
E00176218,E00008857,1.3548713589964805
E00008938,E00176286,1.3577161897616172
E00009168,E00008643,1.3581057022975542
E00009219,E00008788,1.3597442209305308
E00008938,E00009188,1.3611478685587528
E00176231,E00008637,1.3617774334831576
E00176218,E00009137,1.3622948647315603
E00009168,E00009074,1.3624066205509384
E00009168,E00009060,1.363352513201302
E00176218,E00009181,1.3634151332315088
E00176329,E00008850,1.3643673756394084
E00176218,E00009167,1.365162891605546
E00008938,E00008632,1.367461367478081
E00176244,E00176276,1.3689471035861431
E00008892,E00008829,1.3694164357433258
E00176227,E00008951,1.3696168435185538
E00176218,E00008630,1.3717183038400949
E00009219,E00008790,1.372147599480395
E00008615,E00008950,1.372901416547058
E00009219,E00008760,1.374134942232743
E00176218,E00008776,1.3741616961769803
E00008615,E00176328,1.377562549814005
E00176227,E00008954,1.3781730526170366
E00009168,E00009057,1.3782008966917867
E00176329,E00176279,1.3783506436440862
E00176244,E00176249,1.3785526205728378
E00008892,E00176306,1.3810890931507596
E00009168,E00008763,1.3818268374963163
E00009219,E00176304,1.3825860694691174
E00176218,E00009184,1.3829981409972185
E00009219,E00008956,1.3835488039342851
E00008892,E00176255,1.3839226598278025
E00008892,E00176310,1.3840904369244669
E00176244,E00176248,1.3842719130293875
E00008938,E00008943,1.3845945521039855
E00176231,E00008971,1.3846666328275385
E00176231,E00008796,1.3856849323571756
E00008615,E00176222,1.3861455988813627
E00176231,E00008632,1.388423502950353
E00009168,E00008769,1.3896793644568053
E00008938,E00008630,1.3897242903144575
E00009219,E00008770,1.389856110768958
E00009219,E00009171,1.3904425423309779
E00008938,E00176334,1.3912126420889364
E00009219,E00008915,1.3921525176190284
E00176231,E00008630,1.39392606227515
E00008892,E00176311,1.3951191671971053
E00008938,E00008954,1.3956516108828692
E00008892,E00176264,1.3966977233295388
E00009168,E00008611,1.396901396825474
E00176218,E00008893,1.3969479540254808
E00176227,E00009223,1.398278121805865
E00008892,E00176276,1.3986473438350238
E00176244,E00176310,1.3990647674735732
E00176244,E00008829,1.399131811690405
E00176218,E00009177,1.3992326944525604
E00176244,E00176264,1.3993704557243054
E00176231,E00176286,1.3994074217113242
E00008615,E00008971,1.399757133243498
E00009219,E00009156,1.4000048873246878
E00008615,E00008806,1.4005539766924648
E00009168,E00009071,1.4026101940898652
E00176218,E00009135,1.4057579433562084
E00009168,E00008906,1.4058186676954434
E00176329,E00008724,1.4066502852727791
E00009219,E00008912,1.4069933789780347
E00176244,E00176253,1.4080869424240958
E00008892,E00008846,1.4085988963618286
E00176218,E00176274,1.4107350765628732
E00176227,E00009187,1.4115006332340034
E00176218,E00008780,1.4123944143482183
E00008892,E00008860,1.4133187523498696
E00008892,E00008724,1.4134997746932636
E00009219,E00176319,1.4140758063557686
E00009219,E00008784,1.415173051174954
E00009168,E00008636,1.4154683849754333
E00008938,E00176254,1.4161927693333898
E00176231,E00008626,1.4177387991092893
E00008938,E00008951,1.4185302140067073
E00008615,E00009173,1.4189220707160386
E00176227,E00008629,1.419904047375056
E00176218,E00176234,1.4207625309424963
E00008938,E00009163,1.4219887615308464
E00176227,E00176274,1.4228488985992032
E00008938,E00008626,1.4230549190034705
E00176231,E00008639,1.4231352946592641
E00008938,E00008637,1.4241072552108374
E00009219,E00008911,1.4244768960278105
E00176231,E00176334,1.4246845684248806
E00176231,E00009188,1.4249144564085223
E00176244,E00176261,1.4252892575533254
E00009168,E00008940,1.4268413577948764
E00009168,E00009206,1.427069602745364
E00176218,E00008683,1.42729799535354
E00176218,E00009134,1.4275521828360231
E00009219,E00008953,1.42781978909278
E00176227,E00008971,1.4279542604950373
E00009168,E00176328,1.4281906030533966
E00008615,E00176300,1.4288560254022347
E00009168,E00008640,1.4292764813194856
E00009219,E00008780,1.4299365614186736
E00176244,E00008860,1.4312172943840198
E00176218,E00009183,1.4322028228798198
E00008892,E00008725,1.4325955296443338
E00176244,E00008722,1.4330044690596953
E00176218,E00008684,1.4340755385905928
E00176218,E00009153,1.4347356778277727
E00009168,E00008760,1.4368492988010708
E00009168,E00008930,1.4373242483868993
E00009219,E00008769,1.4395621806635637
E00176218,E00008777,1.4406206890232234
E00176227,E00008631,1.4407897917246337
E00008938,E00009157,1.4413166941279727
E00009219,E00008774,1.4417109176727545
E00176329,E00176247,1.441983737503668
E00008938,E00009185,1.443299665260447
E00008615,E00008766,1.445051339363839
E00008615,E00008761,1.4450712385918016
E00176218,E00009148,1.445838934641377
E00176227,E00008637,1.445902740278182
E00176218,E00008867,1.4464523360311614
E00176218,E00008639,1.4473233408277948
E00176231,E00008807,1.4477837984062858
E00176244,E00176306,1.447905438631986
E00009168,E00176300,1.449193195308417
E00008938,E00176318,1.4496029739181175
E00009219,E00008942,1.450050696752708
E00008892,E00176261,1.450068867225548
E00008615,E00008797,1.450246687486409
E00008892,E00176279,1.451729604586879
E00176218,E00009132,1.452532524225531
E00176218,E00008629,1.4527941105854465
E00176244,E00008846,1.4549437002275638
E00176329,E00176259,1.4556434927886814
E00009168,E00009052,1.456044511036683
E00176218,E00008901,1.4578387212912065
E00008938,E00008627,1.45869691106308
E00008938,E00008796,1.4608926599041665
E00176231,E00008627,1.4611736537266349
E00176227,E00008796,1.4614686167556512
E00008892,E00008849,1.4637439118349354
E00176218,E00008632,1.4648473604935652
E00009168,E00009197,1.4655395934910735
E00009168,E00009049,1.465911955322431
E00008615,E00008789,1.4661981800306674
E00008938,E00008609,1.467207427874502
E00176231,E00008950,1.4685985719578583
E00008892,E00008753,1.4688506362720604
E00176218,E00009114,1.4700811236326337
E00009168,E00009066,1.4729836776624954
E00176218,E00008775,1.474018406615417
E00176218,E00008679,1.474184679117612
E00008938,E00008639,1.4752260094321403
E00008892,E00008839,1.4759538645354138
E00009168,E00009202,1.4760114242057307
E00176329,E00008838,1.4764934239562557
E00176218,E00176264,1.4767917626916565
E00008615,E00008771,1.4774001844605378
E00176218,E00008894,1.4774111330110178
E00176218,E00176309,1.4790033383200631
E00176329,E00176241,1.47924975760824
E00176218,E00009131,1.47926517097373
E00176231,E00008609,1.480445207500093
E00176329,E00176242,1.4806243689568774
E00008615,E00008799,1.481031259820002
E00008615,E00008966,1.4819314122671814
E00009219,E00008796,1.484724218756388
E00008615,E00009171,1.4852738668420953
E00176218,E00008898,1.4856637690920906
E00008938,E00009179,1.485798259841813
E00009168,E00008840,1.4868022900254678
E00009219,E00008791,1.4900162617642132
E00008938,E00008971,1.4900300815977234
E00176227,E00008632,1.4901301398015285
E00008892,E00176259,1.4917454119580495
E00008615,E00008782,1.4923018053481698
E00008892,E00008858,1.492813618706591
E00176244,E00008724,1.4935370926287634
E00009168,E00008935,1.493756971933504
E00009168,E00008762,1.4942759971639248
E00176231,E00176332,1.4957091728994705
E00008938,E00009168,1.4959819517627708
E00009168,E00008938,1.4959819517627708
E00176227,E00008630,1.4960573080901327
E00008615,E00009177,1.497132573697158
E00009168,E00008772,1.4971635511276633
E00009219,E00008910,1.4975081703780353
E00176227,E00176286,1.4979244560193001
E00176244,E00008849,1.4999352644144224
E00176329,E00008722,1.5012849291007573
E00009219,E00008952,1.5017164803840155
E00176231,E00009185,1.503331169017947
E00176231,E00009179,1.5044804382074402
E00176231,E00009163,1.50469700003689
E00008615,E00008767,1.5049078728674041
E00176329,E00008725,1.5055729300027307
E00008892,E00008847,1.506900230386828
E00009168,E00009047,1.5077566219098752
E00009219,E00009178,1.5090261568179804
E00176218,E00008631,1.5090306040428414
E00176218,E00009151,1.5104996821876515
E00176231,E00009157,1.5106145520191285
E00009168,E00008790,1.5110937756340608
E00176244,E00008858,1.5111693764088803
E00176227,E00008639,1.5123241322232777
E00009168,E00008638,1.5146262529119416
E00009219,E00008954,1.5161074694624528
E00176227,E00009188,1.516314125134367
E00009219,E00008781,1.5176066686364835
E00009219,E00009069,1.5177835121297427
E00008615,E00008772,1.5179458971996416
E00009168,E00009077,1.5184821402026272
E00008938,E00009183,1.5186080527460157
E00176227,E00008626,1.5192728861201448
E00009219,E00008777,1.5195829420081564
E00008938,E00009181,1.519841713312683
E00176231,E00176269,1.5202143115548108
E00176231,E00008780,1.5202579464294146
E00176244,E00008725,1.5211728808905935
E00008615,E00009156,1.5214245155554695
E00008938,E00008807,1.5215532928319997
E00009219,E00008807,1.523122140515256
E00176218,E00008644,1.5231574311820777
E00176244,E00176279,1.5238800421404783
E00176218,E00009113,1.5239758917519335
E00176227,E00008950,1.5241968257271163
E00176227,E00008807,1.5244446696839151
E00176231,E00008966,1.5247942807684114
E00176227,E00176334,1.5248495753706297
E00176218,E00008681,1.526636814401193
E00008938,E00176269,1.526691230424872
E00009168,E00008946,1.5281447932444132
E00008938,E00009160,1.5285019593199733
E00009219,E00008775,1.5289867046644885
E00008892,E00008832,1.5296495561075165
E00176218,E00176334,1.5319959776408765
E00008892,E00008854,1.5336558617948788
E00008615,E00176318,1.534167437404434
E00008615,E00009069,1.5357955019120104
E00009168,E00008921,1.536693410041495
E00009168,E00008791,1.5380709588058712
E00176244,E00008839,1.5382961126639854
E00009219,E00008908,1.5383421102033832
E00176231,E00008788,1.5391637353946301
E00009168,E00008926,1.5392833714543595
E00008892,E00008842,1.5416846255589018
E00176231,E00176250,1.5419113013665442
E00009219,E00176328,1.5426415554657484
E00008615,E00176254,1.5428661691514485
E00009168,E00008788,1.5430641750601704
E00176231,E00009181,1.5442609551254978
E00009168,E00008848,1.5451966082081616
E00009168,E00176267,1.5455947292809402
E00176218,E00008861,1.5457495937262693
E00008892,E00008723,1.5459425632958272
E00176244,E00008847,1.5460819047967678
E00009219,E00008762,1.5466626819381244
E00176218,E00008870,1.5478255953775901
E00009168,E00008634,1.5479298097371987
E00008938,E00009162,1.5484256908595828
E00176218,E00009133,1.5490894848297456
E00176244,E00176308,1.5492029547677184
E00176231,E00009183,1.551047236503438
E00176218,E00008899,1.5512910223504501
E00176231,E00008763,1.5530110414368894
E00009168,E00009046,1.5530286326803278
E00176218,E00008869,1.5532633418609747
E00009168,E00009190,1.5552893238886631
E00009168,E00008635,1.556015585110928
E00176231,E00008759,1.556336659518102
E00176231,E00008775,1.5586090603614187
E00008615,E00008773,1.55894665198688
E00009168,E00008639,1.559711928820532
E00176231,E00008784,1.5602840602825294
E00176329,E00009079,1.5605703743596502
E00176244,E00008854,1.5616606073081067
E00176227,E00008627,1.5632322240616807
E00176218,E00008895,1.5648303806994646
E00008938,E00008950,1.5650032707815118
E00008615,E00009057,1.565205804883838
E00176244,E00008753,1.5662685381750034
E00176218,E00176278,1.567088228214997
E00176218,E00009172,1.5678320922751385
E00008938,E00009184,1.5687108223003292
E00176231,E00009168,1.5687402589338753
E00009168,E00176231,1.5687402589338753
E00176244,E00176259,1.568888333852342
E00176218,E00008887,1.5693331252735736
E00176218,E00008676,1.569419821624897
E00176329,E00008723,1.5696341500521205
E00176231,E00008777,1.5700338504765445
E00176227,E00176332,1.5709055878363853
E00176231,E00008804,1.570909367573092
E00008938,E00176332,1.571330725816748
E00176227,E00008966,1.5730460904449146
E00176329,E00008831,1.5734601064692424
E00176218,E00008886,1.5736863862619113
E00008892,E00008750,1.5743435001373771
E00008938,E00008780,1.5765113103564972
E00009168,E00009058,1.5766325197904552
E00009168,E00008773,1.5766448958916142
E00176329,E00176265,1.5768746949105068
E00176231,E00009160,1.577487003954366
E00008938,E00009180,1.5783853240286339
E00009168,E00008771,1.5787427963553713
E00009219,E00176332,1.5803006947716245
E00009168,E00009064,1.5808711132391489
E00176218,E00008620,1.5809567491822274
E00008938,E00008759,1.5818454000818574
E00176218,E00008628,1.5819925799689472
E00176218,E00008637,1.5820576848977077
E00009219,E00008787,1.5821976311854737
E00176227,E00008609,1.582588854507067
E00009168,E00008936,1.5826878245582712
E00008892,E00008851,1.5837494820361284
E00176244,E00008832,1.584496602867939
E00008938,E00008788,1.5851361343285728
E00009219,E00176300,1.58523525236099
E00008938,E00008763,1.5853004203699248
E00009219,E00008943,1.585329316487881
E00176227,E00009163,1.5858976429517864
E00008938,E00009165,1.5865308091165717
E00008892,E00176247,1.5866064790063403
E00176244,E00008842,1.5876559541301176
E00176218,E00009129,1.5899716327145494
E00009219,E00008783,1.5901299066408987
E00009168,E00008925,1.5908211780740658
E00008615,E00008825,1.5932388519782683
E00008892,E00176308,1.594919101102277
E00176231,E00009180,1.5956678248021596
E00176227,E00009185,1.5963000807307075
E00009219,E00008779,1.5965004933302829
E00008615,E00008786,1.597840906760461
E00008615,E00008706,1.5979723046152101
E00009168,E00008828,1.5982513879574833
E00176218,E00008803,1.5983699203754347
E00176218,E00008621,1.5985796312779748
E00176227,E00009157,1.5995416958528954
E00176231,E00009184,1.599616165210288
E00008892,E00008754,1.600156013714283
E00176218,E00008682,1.600405260829029
E00009219,E00008949,1.6008212897247223
E00176218,E00009160,1.6018012528540788
E00176218,E00009128,1.6031114390709136
E00176329,E00008830,1.603506992293154
E00008615,E00008970,1.6050437234948252
E00176231,E00008790,1.6062187618004444
E00176227,E00009179,1.6063791199305473
E00009168,E00008928,1.607208832425923
E00176227,E00008780,1.6072815489769519
E00008615,E00009047,1.6083739288216334
E00008938,E00008784,1.6108135772869303
E00009168,E00008784,1.6108458029159818
E00176231,E00009162,1.611840890446054
E00176218,E00008896,1.6120776728929518
E00008938,E00009155,1.612151955123966
E00008892,E00008721,1.6128348892679163
E00009168,E00008844,1.6137968687670308
E00176218,E00008900,1.6145263623208552
E00176227,E00176250,1.614617582984232
E00176218,E00008674,1.6147181280731333
E00008938,E00009158,1.615762374250876
E00176218,E00008868,1.6174918724559029
E00009168,E00176226,1.6177029962551734
E00176218,E00009130,1.6177279262363737
E00176231,E00008962,1.6183849063865487
E00009168,E00008945,1.6186783443466972
E00176329,E00009050,1.6189995561966963
E00176218,E00008678,1.6199712122381287
E00008615,E00008764,1.6200149698102437
E00008938,E00008633,1.6205601229035043
E00008938,E00176250,1.6206336702913637
E00176218,E00008797,1.6209610891581816
E00176227,E00176269,1.6215958858655464
E00176244,E00008851,1.621780822383171
E00008938,E00008775,1.6226060628017158
E00176218,E00008643,1.6232808773014813
E00176218,E00176286,1.6248131350839126
E00176218,E00009158,1.626399181026976
E00176218,E00008804,1.6264560802951025
E00008938,E00008966,1.6266374097088296
E00176231,E00008970,1.6274781025654204
E00176329,E00009075,1.6294302866784967
E00176231,E00008633,1.629910709193876
E00009219,E00176266,1.6300269940969978
E00176244,E00008723,1.6302144076807012
E00176227,E00008788,1.6307880384507154
E00008938,E00008777,1.6318491730679046
E00008615,E00008758,1.6331577141578375
E00176227,E00008962,1.6332569599483593
E00176218,E00008890,1.635238797411513
E00008615,E00009178,1.6353630654876266
E00008615,E00009060,1.6362895206082426
E00176231,E00008806,1.6367709392669596
E00008615,E00008798,1.6386524799361843
E00176231,E00176273,1.6390245686337368
E00176329,E00009051,1.6403397207017933
E00176227,E00008775,1.6413581007935685
E00009219,E00009073,1.6417771907546006
E00176218,E00008625,1.642588734696819
E00009219,E00008804,1.6429912541242906
E00009168,E00008922,1.6447604195924734
E00008615,E00008756,1.6450390078358166
E00176227,E00009181,1.6456929025565867
E00176227,E00176273,1.6458876530872242
E00176227,E00008804,1.6460424432950889
E00008938,E00008804,1.6463848958032512
E00008938,E00008790,1.6468206966029815
E00176231,E00008781,1.6470552591488432
E00009219,E00009057,1.6482783883924967
E00009219,E00176250,1.6485365350157952
E00176218,E00008635,1.6489819808318036
E00176227,E00008763,1.6493370561607088
E00176227,E00008784,1.649946422394286
E00176244,E00176247,1.6499568052603704
E00009168,E00009045,1.6500142803552178
E00009219,E00008778,1.65014953469463
E00008892,E00009050,1.6503641982801798
E00176329,E00008841,1.65082551700564
E00176227,E00009183,1.6514346701777063
E00009168,E00008637,1.6519453920587455
E00008892,E00176265,1.6523906824504224
E00009168,E00008958,1.6526759250191791
E00176329,E00008753,1.6527980904142303
E00176218,E00008827,1.653652003192021
E00009219,E00008776,1.653880878189188
E00176227,E00008777,1.6540153414168193
E00176218,E00009127,1.6543277126228624
E00176227,E00008759,1.6544494183141265
E00176227,E00009168,1.6559362910450157
E00009168,E00176227,1.6559362910450157
E00176218,E00009154,1.6559522566190916
E00176231,E00008961,1.6570127528950644
E00176218,E00008623,1.6577935190058792
E00008938,E00009182,1.6592457663462805
E00176227,E00008961,1.659390809681928
E00176218,E00008807,1.6599042475179122
E00176231,E00009165,1.6600584930284956
E00009168,E00008780,1.6607164284374512
E00176231,E00008967,1.6611266879491045
E00176218,E00008878,1.6621003704725712
E00176218,E00176332,1.662117793026736
E00009168,E00009068,1.6627131421677277
E00008615,E00008686,1.6627454097393843
E00009219,E00008772,1.6632410717707007
E00176231,E00008799,1.6654636197058537
E00009219,E00008771,1.6667525998310977
E00176218,E00009125,1.6673303239517459
E00009168,E00008767,1.669646246909287
E00176231,E00009158,1.6696921159437659
E00008615,E00009049,1.6697787460490994
E00176218,E00008891,1.6701471996312351
E00176244,E00008750,1.6714826072755995
E00176329,E00009072,1.671575458908451
E00176227,E00008970,1.6715783033797447
E00008938,E00009148,1.6723743812092384
E00009168,E00009070,1.672673108424086
E00009168,E00008766,1.6727568183681656
E00176329,E00008754,1.6730223501872437
E00009168,E00008955,1.6738176501859332
E00009168,E00008787,1.6741059925014015
E00176227,E00009160,1.6742175729710052
E00009168,E00008686,1.6743047469350791
E00009219,E00008951,1.6747668906596638
E00008892,E00008850,1.6768410752689158
E00009168,E00009078,1.677213536548428
E00009168,E00176229,1.6772554689375572
E00176218,E00009124,1.6784268206115138
E00008938,E00009169,1.67861006087927
E00176231,E00009182,1.6787658017537554
E00009219,E00008766,1.678968920914549
E00008892,E00176320,1.6811644761048978
E00008615,E00008704,1.6833046025675402
E00008892,E00008838,1.6833176963918421
E00008892,E00176321,1.6843464472562997
E00176218,E00009169,1.6844622407417857
E00176218,E00008902,1.6850628116141932
E00009219,E00008761,1.6879101678125477
E00009219,E00009060,1.6886379005731462
E00176218,E00176250,1.688994375148094
E00176244,E00008754,1.6895586767632689
E00176231,E00009155,1.690512328973084
E00176329,E00009063,1.6912900849901924
E00176218,E00009123,1.6923600002658803
E00009168,E00008706,1.6939398437716702
E00176231,E00008768,1.6940052427407275
E00176218,E00008673,1.6943898962175306
E00176227,E00008967,1.6963055878634352
E00176218,E00009126,1.697439585755617
E00176227,E00009180,1.6976627907534656
E00009168,E00008761,1.6979436058377178
E00176218,E00008802,1.6990209286604165
E00008938,E00009149,1.699220491509309
E00008615,E00008765,1.6994381894712458
E00176227,E00008790,1.6997977793725128
E00008615,E00009073,1.699886603889309
E00176227,E00009184,1.7002560507176778
E00176231,E00008760,1.7005773200489898
E00008938,E00008781,1.7010105968776505
E00008615,E00008967,1.7021579936706832
E00008938,E00009186,1.7032181086144018
E00176329,E00009078,1.7032794383720167
E00009168,E00008781,1.7034480839433048
E00176227,E00009162,1.7034974582058908
E00176227,E00008806,1.7055727910672158
E00176244,E00008721,1.7058865448909268
E00009168,E00008957,1.707476761563686
E00008892,E00176303,1.7091175565797136
E00176218,E00009200,1.7095861644095727
E00176218,E00008796,1.7104985921543594
E00009168,E00008841,1.7104998309258124
E00008615,E00008719,1.7106498596744617
E00008938,E00008768,1.711099467136043
E00176218,E00008640,1.7121846956601972
E00176244,E00008850,1.7124282798731045
E00176231,E00009149,1.7132706332523764
E00176231,E00008776,1.7138660143779592
E00176231,E00009148,1.714639695949236
E00176218,E00008613,1.714902156124977
E00008615,E00009058,1.7150780234324248
E00009219,E00008767,1.7187263807302298
E00176231,E00008825,1.7188682978787972
E00008938,E00008806,1.7199164827482312
E00009219,E00008773,1.7207794837633328
E00176231,E00008783,1.7210072602966477
E00008938,E00009159,1.7219165865308117
E00008892,E00008852,1.723484462554249
E00008892,E00008831,1.7237341113553666
E00176218,E00008801,1.7237921434378178
E00008892,E00008752,1.7245614574435775
E00009168,E00008779,1.7253663892646305
E00176244,E00176265,1.725668054826616
E00176218,E00008667,1.7264101364855389
E00008615,E00008802,1.7268581649996178
E00009219,E00009047,1.7273005352030724
E00176218,E00008670,1.727595776798766
E00176329,E00008721,1.727645918595587
E00176227,E00008799,1.7284009767885693
E00176218,E00008616,1.7285851812117332
E00176244,E00009050,1.7290696206240725
E00009168,E00008924,1.729283293400203
E00176218,E00009174,1.7308511780176041
E00008615,E00008823,1.7312927531910982
E00008938,E00008760,1.7313176223515974
E00176231,E00008797,1.7315905071826667
E00008938,E00008970,1.7318883631256776
E00176227,E00008633,1.7321113734240283
E00008615,E00008785,1.732216705283754
E00176218,E00008806,1.7323267768030888
E00176231,E00008965,1.7335089729692554
E00176329,E00176321,1.7341464131915114
E00176227,E00008781,1.7350027506288963
E00176231,E00009186,1.7351784800163674
E00008938,E00008962,1.7354756239198403
E00176218,E00008880,1.7361585975763019
E00176329,E00009048,1.7371935508434226
E00008892,E00176242,1.7372576820807912
E00009219,E00008789,1.7374274497443023
E00176244,E00008838,1.7377860837819086
E00176231,E00009169,1.7379937262501974
E00008615,E00176266,1.738153595481461
E00176218,E00008872,1.739441845894242
E00008938,E00009175,1.7418031562745582
E00176231,E00008968,1.7429490325450556
E00176329,E00008844,1.7432432038134786
E00009168,E00008687,1.7435683608006314
E00176218,E00008903,1.744369449646836
E00009168,E00008956,1.74506899601937
E00176218,E00008864,1.74527869639269
E00176244,E00008852,1.7455709835655673
E00176231,E00009159,1.7465371186922445
E00176227,E00009165,1.7468835474284086
E00008892,E00009048,1.7470444416476223
E00008892,E00008830,1.7472929022727937
E00176218,E00008622,1.7475939321687786
E00176329,E00008750,1.7487817520848352
E00008892,E00176241,1.7489990364159276
E00008892,E00009063,1.749063944967715
E00009219,E00009049,1.7511446213140134
E00176227,E00008965,1.7516043952231015
E00008615,E00008793,1.7519216434007523
E00009168,E00008919,1.7522481374839354
E00176218,E00008956,1.7532254244300134
E00176218,E00008648,1.7534221970287165
E00008938,E00008799,1.7547735433849945
E00009168,E00008689,1.7552290289173784
E00008892,E00009051,1.7557102173513377
E00009168,E00009056,1.7561271269202046
E00176218,E00176305,1.7570874368366145
E00009219,E00009076,1.7572571492415716
E00008938,E00176273,1.7577935398064168
E00176231,E00176294,1.757827887110971
E00009168,E00008777,1.7595219986241295
E00176218,E00008663,1.7596758389615623
E00176329,E00009062,1.7597038160264535
E00176329,E00008828,1.7599048960407355
E00176218,E00008874,1.76056323140778
E00009168,E00008783,1.761428729751496
E00009168,E00008923,1.7629921410834468
E00009219,E00008950,1.763052095531146
E00176227,E00009158,1.764940675502935
E00176227,E00176294,1.7656228806585483
E00008615,E00009066,1.7671835497933421
E00009219,E00176333,1.7672456958297815
E00008615,E00008720,1.7674040791763816
E00008938,E00008967,1.7705450916079344
E00008615,E00008795,1.7713088676083748
E00176244,E00176321,1.7719402649031333
E00009168,E00008944,1.7721706242481436
E00008615,E00008705,1.7731690297251097
E00009219,E00008806,1.7732680185546974
E00008615,E00008757,1.7736016973651287
E00176227,E00008825,1.774476980254382
E00176227,E00009155,1.774572699105341
E00008938,E00009161,1.7747828823382998
E00008615,E00008687,1.774975301457767
E00008938,E00008783,1.7759831885448603
E00008938,E00008961,1.776417849284631
E00008938,E00008776,1.776899113410774
E00176218,E00009175,1.776944852044604
E00176218,E00176270,1.7770683607705906
E00176329,E00009067,1.7770990150717174
E00009219,E00008782,1.7771063688606745
E00176218,E00009185,1.7771882274370978
E00176227,E00008968,1.7775465957464236
E00176329,E00009045,1.7776872923481344
E00008615,E00008968,1.7801806116374783
E00176218,E00008672,1.7804253283443967
E00176244,E00176320,1.780459577108417
E00176227,E00009182,1.7806397870254176
E00009168,E00008775,1.780920484760886
E00176231,E00008779,1.7831116995869207
E00176218,E00008666,1.783144907986978
E00008892,E00176322,1.7834999761687216
E00176244,E00176242,1.7836534881946278
E00176218,E00009162,1.785060644940099
E00176244,E00008831,1.787175829248538
E00008892,E00176330,1.788184253055808
E00008938,E00009151,1.7884639543163632
E00009168,E00176230,1.7897298339190515
E00009219,E00008706,1.7905584626917233
E00009168,E00009053,1.790845773663941
E00176231,E00008778,1.7914445078910106
E00009168,E00009072,1.7920907468164744
E00008938,E00176317,1.7927094692126704
E00009219,E00008971,1.7929735776262785
E00176231,E00008947,1.793033946630682
E00176244,E00176241,1.793119878140886
E00008615,E00009076,1.7936407992017072
E00176227,E00008768,1.7937927233749902
E00176218,E00008798,1.795200985962574
E00009168,E00009075,1.7957464612647778
E00176218,E00009223,1.7961312518635721
E00176218,E00008865,1.796486119238644
E00008615,E00008716,1.7968377173872387
E00176227,E00008776,1.7969092417926287
E00176227,E00008760,1.7972107187152517
E00176218,E00009121,1.7981923638423714
E00176231,E00176317,1.7982822384166024
E00008892,E00009079,1.7986701279914612
E00009168,E00008789,1.799031926099479
E00176218,E00008646,1.8004905553598045
E00008615,E00008962,1.8023840936992184
E00176231,E00176295,1.803039663042671
E00176231,E00008791,1.8030404339120516
E00009168,E00008778,1.803408284014771
E00009168,E00008909,1.8035590605414207
E00008615,E00009071,1.8037621685147027
E00176227,E00008797,1.8039925289659888
E00008615,E00008709,1.8043204938549824
E00176218,E00009122,1.80440819228053
E00176244,E00176303,1.8064187222814787
E00008615,E00008941,1.8069324552246406
E00176231,E00009175,1.8077629079079915
E00176227,E00008783,1.8083532663707456
E00176218,E00008610,1.8087617299215748
E00008938,E00008797,1.810195135493781
E00009219,E00009071,1.8109048065993125
E00176329,E00009070,1.811819416400286
E00176244,E00008830,1.8118213770493499
E00176329,E00176216,1.8119079588897198
E00009219,E00008797,1.8125129683853696
E00176227,E00009148,1.813175964137206
E00176231,E00009161,1.8134469497178418
E00176227,E00176295,1.814033474472012
E00008938,E00008825,1.8147306911641081
E00176227,E00009149,1.8154094173945987
E00009219,E00009066,1.816620163561956
E00176218,E00009218,1.8170273345439854
E00176231,E00008959,1.8174212241524752
E00176218,E00009199,1.8175319020805645
E00176227,E00008959,1.8176602482311812
E00008615,E00009052,1.8179251145523296
E00176227,E00008947,1.8181715561986913
E00176244,E00008752,1.81837813462986
E00176231,E00008948,1.818389528513916
E00176218,E00008889,1.818735474468522
E00008615,E00008689,1.8187402112325788
E00176231,E00008941,1.818879917351329
E00009219,E00009074,1.8195671424052289
E00176231,E00008787,1.8197372459036292
E00008892,E00176289,1.8211431681738033
E00008615,E00009064,1.8213781838690155
E00008938,E00009154,1.8222204109827282
E00176329,E00008848,1.8227445602766683
E00009168,E00008796,1.8234013929362616
E00009219,E00009058,1.8239612749344467
E00176244,E00009051,1.8242960196503186
E00009168,E00008704,1.8247635016694654
E00176244,E00009063,1.8251196666482254
E00009219,E00008686,1.826663355303626
E00008892,E00009062,1.8274367108433451
E00176218,E00008904,1.8278546358231327
E00176231,E00176292,1.8279001638833765
E00176244,E00009048,1.8287115521841981
E00176227,E00009169,1.8313321141958543
E00176218,E00008638,1.8316676969389805
E00176227,E00176292,1.8323751305682014
E00008938,E00008779,1.8324275410514774
E00009168,E00009067,1.8345948226704814
E00176218,E00176312,1.8352913242077102
E00176231,E00008823,1.8354046096846706
E00176227,E00009186,1.8357023510122514
E00009168,E00009079,1.836102411449092
E00176218,E00008866,1.8363829948080623
E00176218,E00008881,1.8365962429301486
E00008938,E00009167,1.8367728538437045
E00008938,E00008791,1.8371234466747064
E00176231,E00009151,1.838882148450205
E00176218,E00008945,1.8395406183221654
E00176218,E00176268,1.8396344529199
E00176218,E00008675,1.8409169949763762
E00176329,E00009046,1.840970291429287
E00009168,E00008807,1.8413864729947125
E00009219,E00009052,1.8417938489743537
E00176218,E00008824,1.8442268751281623
E00176329,E00008752,1.8444452338033823
E00008615,E00009074,1.84536215516658
E00008615,E00176333,1.8456309456197242
E00008892,E00009075,1.8457187302362772
E00008938,E00176251,1.8457925688251025
E00008938,E00008778,1.8462361844718234
E00176218,E00008799,1.8465881383145861
E00009168,E00008920,1.8471606387718271
E00176227,E00009159,1.8479966409519784
E00176231,E00008798,1.8480794701529275
E00176244,E00009079,1.848661697371631
E00176227,E00008948,1.848831380469574
E00176231,E00176246,1.8491255343502262
E00008938,E00008965,1.8496409985089286
E00176329,E00009068,1.8505811592947978
E00176218,E00008875,1.8507203923643307
E00176329,E00009077,1.8509181527322518
E00008892,E00176216,1.8513984345590613
E00008938,E00008968,1.8525628847760984
E00008615,E00008715,1.8532409681231128
E00176218,E00008795,1.8537817812428679
E00008938,E00009164,1.8542595304996952
E00176218,E00009176,1.8559612321340586
E00176218,E00009188,1.8573395021056067
E00009168,E00008917,1.8580238550982273
E00176218,E00008888,1.8588283916601662
E00176231,E00176251,1.8589236001325686
E00176227,E00008941,1.859146406753364
E00009168,E00008709,1.8591628031307736
E00176218,E00008818,1.8595983227880308
E00009219,E00008799,1.8606532015837478
E00176218,E00176261,1.8632556941271048
E00009168,E00008782,1.8633637686306277
E00008938,E00008787,1.863435705391826
E00009168,E00008776,1.8640479079787693
E00008938,E00176331,1.8642600221012484
E00008892,E00009072,1.8644688398642593
E00176218,E00008882,1.8651275525379247
E00176218,E00009119,1.8657094699596144
E00176329,E00176322,1.8660903839294571
E00008892,E00008711,1.8662508071730541
E00176227,E00176246,1.8663005866649587
E00176329,E00008840,1.8672092811533525
E00176231,E00176331,1.8683726539437442
E00176218,E00176335,1.8694794517645739
E00008615,E00176270,1.869716736527823
E00009219,E00008764,1.8697494389380107
E00008615,E00008713,1.8697623239685246
E00008615,E00176273,1.8713525447080024
E00009168,E00008916,1.8715868552744097
E00176231,E00008769,1.8724569522412997
E00176227,E00008779,1.873015190863044
E00009219,E00008966,1.874092809511878
E00176244,E00176322,1.8744719050959116
E00009168,E00008764,1.8745533959877625
E00008938,E00009174,1.8747569875706287
E00176329,E00008711,1.8756196435509391
E00009219,E00008786,1.8762379943164984
E00008938,E00176294,1.8763914540162452
E00008938,E00009176,1.877046418495068
E00176227,E00008778,1.8787884156692147
E00176231,E00009167,1.8787949405448807
E00008615,E00008948,1.878889356883263
E00176218,E00176275,1.8790621381811476
E00176329,E00176303,1.8807468873320183
E00008892,E00176302,1.880767631076767
E00176329,E00176289,1.881284557685562
E00176218,E00008954,1.8817271393483153
E00176231,E00009154,1.8821022124746563
E00176218,E00008612,1.8830818313841577
E00176244,E00176330,1.8831431079120888
E00008615,E00008792,1.8838063549441582
E00008615,E00008718,1.884020953910232
E00008615,E00008965,1.8861046665986099
E00009168,E00008705,1.8869645550397216
E00176227,E00008823,1.8871235606742058
E00176231,E00009164,1.887980524912489
E00009168,E00008953,1.8888915300051043
E00176231,E00008770,1.8891245947903481
E00009168,E00176241,1.8897589564238466
E00176218,E00008671,1.8902321980965702
E00176329,E00176320,1.8915039909334312
E00008938,E00008769,1.8919684474105185
E00176231,E00008793,1.8922411888064548
E00176218,E00008662,1.892643184547197
E00008615,E00008947,1.8929590819059194
E00176218,E00008885,1.8935222559733318
E00008615,E00008702,1.8936432252914976
E00009219,E00009064,1.8943387043170625
E00009219,E00008758,1.8945028512285118
E00009168,E00176332,1.8946448009840349
E00009168,E00008710,1.8953458218058972
E00009219,E00008704,1.8955103521280823
E00009168,E00008765,1.8979848270819415
E00009168,E00176242,1.8982146970111888
E00176227,E00009175,1.8983958299595918
E00176227,E00008791,1.8986019309801971
E00176329,E00176218,1.8990360712740781
E00176218,E00176329,1.8990360712740781
E00008615,E00008710,1.8992507691816578
E00176244,E00009075,1.8996326853223908
E00008938,E00008770,1.899804385362339
E00008615,E00008700,1.8999084385342158
E00176227,E00176317,1.9004186152015563
E00176329,E00009054,1.9017719753687736
E00009168,E00009054,1.9020244846736702
E00176218,E00009157,1.9025964881634607
E00176244,E00009062,1.9026495678758213
E00176218,E00008658,1.9030189135699807
E00008615,E00008794,1.90409628265412
E00176329,E00009056,1.9052081214148509
E00008892,E00009067,1.9052539886767488
E00008938,E00008947,1.9067494449376927
E00009168,E00008954,1.908195818819427
E00176218,E00008820,1.9098570728065136
E00176244,E00176289,1.9102406583952174
E00008938,E00009153,1.9106027491951458
E00176227,E00008798,1.911825601879179
E00176227,E00008787,1.9119277204248348
E00176218,E00008624,1.9123426335584284
E00176227,E00009161,1.9128015588243712
E00009168,E00008914,1.9149341280540004
E00008615,E00008961,1.915039832812093
E00176218,E00176276,1.9150517210814528
E00176218,E00176281,1.9159266512891477
E00009219,E00176318,1.9174854497471696
E00009168,E00008758,1.920646129643144
E00008938,E00176295,1.9209508485396538
E00009219,E00176254,1.9209538495008387
E00176329,E00176330,1.9211343573204007
E00008615,E00009053,1.921386665158799
E00176244,E00009072,1.9222465447556192
E00176218,E00176263,1.9241681780343636
E00176218,E00009120,1.9242732878408715
E00008615,E00176324,1.9250890201183066
E00008615,E00008824,1.9253016862157386
E00008938,E00008941,1.9253475098652175
E00176218,E00009115,1.9258678103961329
E00176231,E00008792,1.9261655564690483
E00176218,E00008871,1.9265588729093934
E00008615,E00008815,1.9267854696538758
E00009219,E00008687,1.9270030240725415
E00009168,E00008918,1.9289818259848786
E00008938,E00008948,1.9298920315419912
E00176329,E00176217,1.9300022567385784
E00176244,E00176216,1.930149077011369
E00176218,E00008617,1.930771112862753
E00008892,E00008841,1.9308574467310426
E00176231,E00176319,1.9309402450932172
E00008615,E00008696,1.931707823389703
E00009219,E00008765,1.9323279188152842
E00176218,E00008668,1.9324906156628903
E00176218,E00009165,1.93368297305312
E00176218,E00176316,1.9337052500846599
E00008938,E00008823,1.9341795493831373
E00176218,E00008677,1.9347173650789562
E00176227,E00009151,1.9353073693573426
E00008938,E00008798,1.936210031995741
E00009219,E00008756,1.9362474617933496
E00008938,E00008959,1.937026629140665
E00008938,E00009172,1.9388239377437066
E00176218,E00008822,1.9388270646143169
E00176231,E00009174,1.9393055505630974
E00009168,E00176218,1.9395795936233289
E00176218,E00009168,1.9395795936233289
E00008938,E00176319,1.939687405259113
E00009168,E00008786,1.9397277528862256
E00009168,E00008804,1.9400686099025044
E00008615,E00008712,1.9423613234733457
E00176218,E00009118,1.9444618098808246
E00008938,E00176292,1.946983570841071
E00009168,E00008830,1.9474762510318644
E00176227,E00008793,1.9476999544631137
E00176231,E00009176,1.948136810695057
E00176218,E00008669,1.9481631647193332
E00008938,E00176223,1.9496759221873505
E00176244,E00008711,1.9505066350243896
E00009168,E00008915,1.9506625490619964
E00176218,E00008655,1.9565939833113046
E00008892,E00009078,1.957162926580373
E00176218,E00008892,1.9574846104120345
E00008892,E00176218,1.9574846104120345
E00176218,E00008654,1.9577822432175882
E00009168,E00008838,1.9578470964265946
E00176231,E00008762,1.9587313975377074
E00176231,E00009153,1.9587655340116534
E00009219,E00008689,1.9601985720722228
E00008892,E00176287,1.96107551384484
E00176227,E00176251,1.961093040406247
E00009168,E00008831,1.9611630265355082
E00009168,E00176217,1.961526202480168
E00176231,E00008795,1.9641707635711778
E00008938,E00176246,1.965457577712175
E00009168,E00176250,1.9655124963433832
E00176218,E00009216,1.9668344078637159
E00176218,E00008656,1.968623632567952
E00009168,E00008913,1.9686463252265314
E00176227,E00008792,1.9692148828727836
E00176227,E00176331,1.9704527510206313
E00009168,E00008942,1.9706973844690234
E00176227,E00008769,1.9716910102743668
E00008892,E00009054,1.9718228668665663
E00176218,E00176307,1.9719488798995148
E00008615,E00009056,1.9720660987667455
E00176244,E00009067,1.9728506110115842
E00176244,E00176302,1.9729415014404719
E00176329,E00176302,1.9740910126197764
E00176244,E00008841,1.9741026998605906
E00008615,E00176294,1.9745801525147295
E00176218,E00008883,1.975134956106319
E00176227,E00009154,1.9753076095135171
E00008892,E00176217,1.9753908289287512
E00176218,E00008821,1.9762099976867613
E00176231,E00008802,1.9764013372858922
E00176227,E00009167,1.9774457465672859
E00009168,E00009051,1.977656627251593
E00009219,E00008705,1.9784314888254204
E00009219,E00008825,1.9786737622591715
E00176231,E00008774,1.9786802106800407
E00176231,E00008789,1.9793673648731755
E00176218,E00008619,1.9794307245470233
E00008615,E00008803,1.9795873389070893
E00176231,E00008782,1.9800884041489701
E00176231,E00176223,1.9803352770571385
E00176218,E00008793,1.9813524231231872
E00008615,E00009068,1.9815528237060376
E00008938,E00008762,1.9821446525670703
E00176218,E00008946,1.9822084262559103
E00008938,E00009166,1.9837066615746737
E00008892,E00176288,1.9838073379988608
E00176218,E00008819,1.9848561568486724
E00008938,E00008774,1.9851376738495974
E00009168,E00008707,1.9854440668914137
E00009168,E00008952,1.985658294736782
E00009219,E00009077,1.986962616687621
E00176218,E00008647,1.9870346137914288
E00008938,E00008793,1.987937181254954
E00176218,E00008825,1.988023028401101
E00176227,E00009164,1.9882663670768135
E00009219,E00008709,1.989270254778054
E00009168,E00008850,1.9897923629637735
E00176227,E00008770,1.9898648136599075
E00176231,E00008963,1.9903402913255412
E00176231,E00009083,1.9915846532901749
E00176218,E00176282,1.9919886818607497
E00009219,E00009046,1.994198436446238
E00176218,E00176336,1.9945478362157147
E00009219,E00008785,1.994909241560576
E00176231,E00009172,1.9950388681847604
E00008892,E00009045,1.9951529057633206
E00008615,E00176295,1.9960806838665375
E00009219,E00008970,1.9974512300254117
E00008615,E00176246,1.9984056409513502
E00008892,E00009070,1.998491115227907
E00009219,E00008840,1.9995807234579641
E00008615,E00009046,1.9997705453188894
