FEATURE_ID,easting,northing
RWG002049,528408.438,184842.5949
RWG002126,528537.9052,184849.2573
RWG002244,528659.5515,184581.4704
RWG002656,528530.0809,184621.6026
RWG002860,528231.3929,186143.5148
RWG003035,526287.8976,185032.8635
RWG006365,531761.5714,186119.1226
RWG006847,530819.3476,186839.6287
RWG006861,530734.0565,186775.1725
RWG006947,531014.9031,187161.9294
RWG007191,532530.8501,183729.7496
RWG007398,533032.3135,184246.147
RWG007442,533120.1607,184249.6701
RWG007444,533122.5659,184213.6378
RWG007452,533095.3917,184223.8985
RWG007453,533111.6617,184185.4495
RWG007515,533274.4272,184201.066
RWG007638,533377.9023,184192.2749
RWG007639,533250.5349,183588.5413
RWG007747,529763.8114,182811.8618
RWG007794,529948.73,184682.1461
RWG007797,529937.4775,184668.3749
RWG007802,531297.4284,183561.5195
RWG007837,530105.6103,184621.0817
RWG008245,530174.6379,183406.5965
RWG008254,530913.72,184123.2154
RWG008396,530132.2537,183141.7748
RWG008486,531305.8912,185064.3579
RWG008496,531301.0425,185176.7216
RWG008543,531494.3446,185238.6097
RWG008552,531168.8955,185445.6181
RWG012339,531949.3436,187267.3394
RWG012342,531860.8054,187157.2285
RWG012346,531620.3061,186849.0051
RWG012348,531572.1856,186807.2019
RWG012361,534767.3336,184631.0273
RWG012390,532252.8607,186699.3215
RWG012496,533072.9046,186629.402
RWG012600,535065.643,186238.5374
RWG012670,534149.5644,183652.6166
RWG012676,535488.4313,186175.2157
RWG012699,535503.021,186104.2064
RWG012715,532351.588,186391.2304
RWG012933,537191.5146,184947.2906
RWG013110,534506.9081,184316.6092
RWG013194,531867.6157,186951.6042
RWG013199,531755.3642,186919.1313
RWG013202,533496.239,185356.6993
RWG013204,533481.3443,185351.9125
RWG013222,531808.7198,186815.6738
RWG013308,532615.153,185913.0903
RWG013317,534255.2714,187598.7078
RWG013334,533247.6826,185591.9969
RWG013436,532890.6641,185682.3153
RWG013457,531769.8681,186784.5277
RWG013495,535329.1772,184149.3499
RWG013515,536839.6448,184108.9788
RWG013561,534040.3653,184812.6358
RWG013583,535348.9376,185738.7983
RWG013671,532141.1174,186501.7697
RWG013730,531965.0579,186507.115
RWG013735,531935.2144,186535.6959
RWG013751,533264.4229,185402.046
RWG013758,531881.5089,186500.7998
RWG013769,531907.3134,186475.0856
RWG013832,534969.1653,183991.2016
RWG014029,532710.9173,187214.34
RWG014076,533652.852,185056.8064
RWG014112,535345.1791,185471.7466
RWG014147,533193.7344,187858.4805
RWG014157,533065.5868,187788.8896
RWG014237,534384.5138,184156.6806
RWG014242,536651.3822,183317.7743
RWG014245,534520.6564,184253.7291
RWG014290,536789.594,183458.1645
RWG014303,534489.5698,183743.0544
RWG014328,536875.5558,183437.2916
RWG014489,533374.4632,187627.2101
RWG014567,533526.6724,187212.6377
RWG016960,521784.1571,180765.0742
RWG017011,522008.9062,180442.7405
RWG017241,522178.0649,180051.0988
RWG017737,528179.6393,182427.8118
RWG017741,528130.0982,182438.5129
RWG017746,523028.5953,181747.1665
RWG026340,529891.4537,186555.1342
RWG026342,529851.1356,186272.5542
RWG026343,529693.3938,186031.9533
RWG032131,532373.502,183143.0848
RWG032132,532297.9633,183370.9721
RWG032241,532169.2544,185560.179
RWG032304,531447.1881,184562.415
RWG032312,531437.8536,184221.902
RWG032314,531189.8529,184222.6246
RWG032358,533254.0057,184696.5218
RWG032359,533135.2193,184418.8634
RWG032360,533127.2261,184425.6023
RWG032361,533155.774,184549.8467
RWG032363,533251.7765,184617.1171
RWG032424,529751.7935,185746.057
RWG032507,529196.8154,186009.0027
RWG032542,530305.0304,186759.647
RWG032556,530457.5595,186560.289
RWG032578,530250.3571,186561.2579
RWG032586,531481.1321,183486.9945
RWG032618,529655.1534,184044.7521
RWG032619,530166.9235,183438.5874
RWG032681,533072.8333,183406.4461
RWG039776,528040.2158,185127.9056
RWG039883,529126.8244,185678.0691
RWG039884,529136.8456,185674.5734
RWG039892,529138.4663,185602.0663
RWG039893,529140.3702,185608.7493
RWG039979,528332.9846,185791.5844
RWG040018,528392.7843,185767.5765
RWG040044,528708.0225,184222.0174
RWG040046,528690.2239,184310.6277
RWG040097,528227.2566,186141.6987
RWG040128,527907.4784,184938.6024
RWG041587,535942.8512,185456.0406
RWG041595,536131.1011,185738.3212
RWG041658,534506.4162,185180.5918
RWG041698,533261.601,185396.6295
RWG041716,537002.9802,184656.5034
RWG041825,533455.0915,186052.34
RWG041832,533448.0405,186142.5765
RWG041926,535356.2345,184965.2525
RWG042112,535483.4729,186454.0818
RWG042113,535203.2696,186344.1138
RWG043051,524598.8917,178601.4185
RWG043053,524683.5582,178562.0201
RWG043055,523600.8498,176783.753
RWG043084,523537.6754,177375.0719
RWG043305,526005.8766,177177.8745
RWG043308,525951.8106,177014.1259
RWG043589,525725.3894,177228.1898
RWG043600,525598.6424,177130.5299
RWG043604,525658.0959,177197.7153
RWG043639,524486.7552,176774.1066
RWG043669,524231.9249,176579.7545
RWG043682,524238.8619,176459.189
RWG043692,524423.7266,176158.3945
RWG043780,524499.7902,175827.4405
RWG043784,524517.9344,175825.5013
RWG044079,526069.6026,176521.6684
RWG049152,521781.5172,180602.7057
RWG049203,526992.423,181795.7793
RWG049205,526751.2848,181722.1302
RWG049206,526736.9402,181767.303
RWG049214,523845.5537,181942.4748
RWG049360,522613.0562,180283.1296
RWG054919,527547.892,177203.4338
RWG055011,531525.7082,178923.3059
RWG055029,527356.6659,177839.0428
RWG055096,530851.6583,179502.5803
RWG055349,531441.9246,178053.1622
RWG055367,528529.564,178354.2821
RWG055387,531354.2467,180046.1428
RWG055398,531256.5153,180022.7678
RWG055478,531505.7499,178163.3796
RWG055479,531494.6144,178170.1199
RWG055615,528299.7448,179955.1813
RWG064460,534247.9622,180231.8229
RWG064470,534840.5645,180492.1614
RWG064492,534948.7886,180779.9958
RWG064497,535028.3284,180833.3701
RWG064501,532985.5003,182079.6696
RWG064503,535066.7303,180873.3559
RWG064505,532247.9521,181530.5113
RWG064529,534942.7286,180908.2411
RWG064550,534707.0236,181579.6369
RWG064697,531763.698,182627.3783
RWG064710,531624.0603,182935.1163
RWG064746,533202.6921,181099.9792
RWG064768,529136.6424,182210.958
RWG064777,529629.1009,179621.9962
RWG064778,529627.41,179630.3528
RWG064782,529344.6611,179900.1454
RWG064783,529446.5933,179969.974
RWG064834,532010.8326,180949.4772
RWG064851,528488.3566,182211.1951
RWG064956,532142.7037,182209.3833
RWG064957,532148.9047,182214.5893
RWG065015,529955.1709,181057.3682
RWG065043,534358.2356,180813.2321
RWG065076,532363.1371,182219.7618
RWG065113,532550.2779,181657.7327
RWG065124,532222.0287,182028.2886
RWG065138,531817.6583,181786.7717
RWG065196,530895.4621,182560.1069
RWG065225,531449.1423,182984.0533
RWG065228,531467.3972,182627.9174
RWG065255,530623.7478,182502.3781
RWG065297,531867.0817,181841.0102
RWG065363,531766.9445,182671.9062
RWG065374,529650.9707,179167.8189
RWG065375,529745.9372,180757.5128
RWG065382,529633.0883,179267.9079
RWG065394,530180.3411,180805.3527
RWG065403,530272.8488,182720.9823
RWG065409,529089.9156,181195.6939
RWG065411,530348.1473,182853.5474
RWG065414,531268.0464,182131.7617
RWG065454,532611.9017,181850.0065
RWG065481,536145.2297,180906.3127
RWG065512,531390.9615,180843.399
RWG065518,532338.436,182464.2499
RWG065548,529721.3511,180819.9585
RWG065562,530076.0703,180786.7553
RWG065581,530570.6558,180882.5931
RWG065582,530601.1017,180851.9612
RWG065590,533341.2616,181498.8756
RWG065597,533145.3382,181578.5009
RWG066947,531302.4736,181538.5723
RWG066948,531149.0037,181366.2247
RWG066950,534957.3121,181061.512
RWG070889,533549.9981,181965.4525
RWG070900,533720.3326,181549.7661
RWG070937,538922.865,181106.6745
RWG070989,538761.9288,180729.5658
RWG071096,537197.1521,181354.8849
RWG071183,537700.2274,181612.7138
RWG071215,536171.9665,181162.7924
RWG071443,537556.3391,179840.0429
RWG071579,538128.8499,179668.0578
RWG071675,536583.0164,181511.4787
RWG071689,536256.1714,181840.4519
RWG071694,536063.82,181471.0815
RWG071742,533995.4636,182350.6173
RWG071830,534067.6126,182088.0739
RWG071844,534236.8263,182470.0409
RWG071888,534286.3324,182861.2046
RWG072073,536521.8531,182452.076
RWG072084,536997.6444,182609.5416
RWG072095,533813.9318,182617.242
RWG072096,533788.9471,182672.5995
RWG072109,533699.2037,182758.0044
RWG072146,537909.988,181426.4692
RWG072165,537975.8298,181249.5077
RWG072236,536047.8338,182917.0824
RWG072260,535610.5331,182893.5601
RWG072268,535585.7669,182638.6131
RWG072406,535524.2629,182266.6134
RWG072451,537437.3125,181929.8814
RWG072517,536823.6255,181917.0809
RWG072518,536586.7072,182145.9365
RWG072522,536849.3122,182157.2861
RWG072547,534409.1076,182370.5941
RWG072565,537122.7517,182199.3385
RWG072566,537088.416,182199.5484
RWG072605,533576.9885,182433.5609
RWG072607,533697.4512,182541.212
RWG072630,535628.2866,183193.5609
RWG072710,533636.2793,181532.4817
RWG072741,534238.8476,183181.0314
RWG072762,534309.1506,183360.6197
RWG072783,536773.9621,181252.4562
RWG072871,533273.6463,182774.1153
RWG072903,538352.8099,180505.4436
RWG072940,537173.2071,180708.637
RWG072952,537210.0376,180806.2248
RWG072955,533532.9295,182051.6222
RWG072982,537780.5396,180975.1831
RWG073040,533426.2498,181754.3281
RWG073846,532197.6527,183892.3106
RWG077633,532712.5039,177458.8981
RWG077634,533020.5515,177626.9204
RWG077853,532503.4655,178075.8837
RWG077918,532594.8286,178057.4371
RWG077919,532574.7708,178100.8583
RWG078268,533813.1564,177915.6288
RWG078474,533979.0503,177328.2827
RWG078483,535178.6109,178166.8195
RWG078538,535595.1302,180174.3568
RWG078539,535579.4206,180165.1727
RWG078551,533450.99,177406.3483
RWG078555,535432.5992,179846.3222
RWG078620,533109.7869,177415.9942
RWG078712,532833.2775,177196.1689
RWG078817,532247.3695,179839.1388
RWG078959,535609.3551,180182.3658
RWG078963,533187.1594,178850.8519
RWG079059,532529.0572,179743.5325
RWG079104,531971.8654,177440.1575
RWG079125,532554.0407,179612.3051
RWG079341,533155.8686,179195.5925
RWG079354,533282.1832,179079.884
RWG079355,533294.0017,179075.6873
RWG079383,532491.2939,179478.0717
RWG079513,532948.5031,178949.6415
RWG079767,534036.6731,176803.8481
RWG079775,533990.8539,176751.1069
RWG079803,533789.8433,176800.3911
RWG079816,533334.1067,178474.403
RWG079859,533580.8696,177028.5126
RWG079860,533574.1343,177041.3338
RWG079879,533486.357,176932.0258
RWG079935,534596.6107,177378.8938
RWG080016,531780.6644,179460.9056
RWG081813,533990.7607,176806.4663
RWG081817,532503.3437,179484.3213
RWG081823,533288.5379,180034.9502
RWG081824,534128.4382,178407.4087
RWG087826,522000.1228,174234.1965
RWG087827,521473.7713,174146.7975
RWG087949,522104.5526,175299.2832
RWG088104,525603.3749,175154.7302
RWG088114,526213.7328,172198.3689
RWG088197,523680.0048,175359.9827
RWG088237,524004.9789,175516.7727
RWG088285,524368.7484,174607.7012
RWG088510,522283.9828,174050.4988
RWG088529,524466.2402,174602.1295
RWG097894,535998.9263,186175.2811
RWG100176,529078.8552,176038.1648
RWG100181,530071.4051,174896.5178
RWG100203,529065.7494,176240.4838
RWG100206,529108.22,176173.2393
RWG100467,529669.3047,176281.2953
RWG100907,531425.0825,172642.7282
RWG100915,532120.7513,171137.843
RWG100918,530840.1684,171023.9136
RWG100973,529788.0175,175485.9328
RWG101174,530034.046,172405.9834
RWG101179,529674.5604,172209.6836
RWG101560,530869.3805,170962.4322
RWG101563,529989.6171,174602.3149
RWG101705,529287.0962,170201.3021
RWG101768,531923.704,172248.2292
RWG101895,529881.4662,175226.5223
RWG101937,532509.7986,171465.7647
RWG101946,529695.3776,176835.1993
RWG101948,529719.7295,176632.8044
RWG102593,526929.0015,181308.9072
RWG102594,526909.2105,181329.6993
RWG105843,533026.1126,175482.8226
RWG105877,533166.7049,174241.7105
RWG105951,534810.099,175083.6446
RWG105998,532270.6145,174989.515
RWG106006,534135.1428,176381.491
RWG106059,533677.2135,174249.7138
RWG106126,533545.9713,175448.7185
RWG106222,531112.9904,175362.84
RWG106224,531116.289,175395.8445
RWG106654,534139.5262,176502.649
RWG106828,534570.7074,174875.6176
RWG106945,533174.4439,172382.9918
RWG107191,533318.1177,173656.9663
RWG107266,532594.8445,176188.4493
RWG107280,535800.0853,174273.1472
RWG107285,531118.7801,175515.3516
RWG108002,532110.5164,180347.7114
RWG108676,535212.5027,180989.5539
RWG108677,535203.8425,180840.0759
RWG108678,534969.2442,180902.2362
RWG108679,534954.7391,180903.1881
RWG108685,530683.8134,182229.6253
RWG108698,531709.4248,181021.7011
RWG108700,532448.1438,181040.0674
RWG108701,532337.0897,181076.3131
RWG108783,536508.8092,181569.1277
RWG108784,535721.9478,182057.723
RWG108785,534214.7943,183507.0282
RWG108786,537844.3359,180534.4052
RWG108787,537327.6812,181062.1092
RWG109206,530302.3954,182642.7251
RWG116662,527336.415,172472.2918
RWG116734,528777.6119,172899.3187
RWG116754,528677.0632,170928.8098
RWG116995,526974.5624,176270.1561
RWG117009,529470.7231,171444.1904
RWG117083,526662.4562,175674.6407
RWG117238,527350.2632,176535.2997
RWG117546,526839.8387,176107.6221
RWG117682,528415.2622,176246.4473
RWG117689,527560.4734,176247.0021
RWG117693,527558.7403,176285.2283
RWG117779,529133.4935,173003.6663
RWG117785,527133.5712,176296.8788
RWG117786,527129.6395,176278.4832
RWG118322,522514.7891,178838.958
RWG118323,524307.6879,176541.4114
RWG119209,530766.3348,174575.5431
RWG119307,530487.0061,174856.5042
RWG122489,553284.2378,192793.777
RWG122520,555886.9966,186765.8729
RWG122522,552144.5583,182022.4615
RWG122523,553368.7077,185226.9538
RWG122524,553282.1694,192793.9797
RWG122525,552124.0961,189325.6045
RWG122526,551632.1839,188064.5164
RWG122527,551822.5408,183602.454
RWG122528,555035.7093,191782.9618
RWG122529,553153.4999,189372.7139
RWG122530,550644.5617,183294.4409
RWG122531,551673.2519,183836.5358
RWG131909,520510.6651,175759.0384
RWG131969,520989.0959,174869.6051
RWG132002,515334.8454,170804.0391
RWG132274,519958.9591,167078.8724
RWG132384,526090.6924,170126.5314
RWG132387,526023.7913,170117.267
RWG132409,525959.0434,170112.6469
RWG132556,521593.9996,168278.7662
RWG132815,519074.4243,169295.9023
RWG133084,518236.9165,165752.1221
RWG133176,526135.4873,170402.9335
RWG133180,517952.2027,168747.566
RWG133181,526343.0275,170466.8449
RWG133185,526278.9595,170326.0652
RWG133186,526279.4908,170310.0855
RWG133187,526346.6263,170140.699
RWG133188,526399.1622,170161.0099
RWG133190,526421.6331,170185.942
RWG133192,526453.518,170182.6363
RWG133193,526454.1395,170218.4102
RWG133224,524867.5805,165451.2998
RWG133261,518167.8231,165092.3762
RWG133264,526233.1571,170136.5415
RWG133266,526303.539,170130.7094
RWG133279,526602.2306,170195.4879
RWG133296,526616.7008,170574.8655
RWG133347,527764.688,170406.7539
RWG133379,524646.8057,166077.1726
RWG133398,527292.019,170326.3986
RWG133424,519197.4508,168869.5166
RWG133426,518273.1307,168653.1253
RWG133551,518105.9846,168992.8655
RWG133681,519244.545,166199.7218
RWG133686,525381.8568,172380.1518
RWG133857,524835.1809,171051.4749
RWG133988,517372.2487,164238.5067
RWG134061,526021.351,171459.6979
RWG134138,523454.0376,167095.9822
RWG134308,512798.6277,170686.2288
RWG134366,518628.8861,163749.212
RWG134414,525437.8305,162482.0724
RWG134479,525362.4058,167573.5503
RWG134702,520221.3305,167912.1336
RWG134754,521364.4653,168340.2506
RWG134773,520937.1297,168531.205
RWG134802,523376.0573,169068.0305
RWG134805,522008.1113,167924.7761
RWG134807,521966.2027,167870.6887
RWG134810,523440.2069,169078.7642
RWG134843,523800.6484,169105.32
RWG134858,523873.9037,169119.6696
RWG134883,523946.0232,169146.846
RWG134884,524013.769,169167.321
RWG134906,524079.563,169200.4369
RWG135053,517994.8865,169909.0876
RWG135635,530271.1083,178103.7758
RWG135636,530037.4738,178258.0538
RWG135638,531422.9374,178065.1167
RWG135639,528769.4029,179186.4042
RWG135640,528775.2454,179197.1915
RWG135641,528250.672,179968.0819
RWG135643,528692.9056,176598.7815
RWG136207,535150.0529,178230.6113
RWG148056,536027.3759,199885.3724
RWG148057,537860.1699,186354.54
RWG148058,537955.6732,186410.6271
RWG148059,538503.8398,186164.8389
RWG148060,529781.9249,192471.7251
RWG148061,535111.4976,196432.302
RWG148062,535970.6562,199642.1584
RWG148063,534125.7196,197775.1542
RWG148064,528382.9894,195602.0895
RWG148065,536023.71,198537.154
RWG148066,536290.3616,192478.1588
RWG148068,538534.3245,186101.4239
RWG148070,538045.5644,185618.7749
RWG148071,537039.0107,188766.3133
RWG148072,537044.9928,188769.7624
RWG148074,536248.4355,188918.9151
RWG148075,535510.9277,195643.234
RWG148076,539857.03,187992.6028
RWG148077,536494.7122,192085.3555
RWG148078,538467.8928,186741.452
RWG148079,538424.32,190396.3533
RWG148080,538429.4412,190397.9522
RWG148081,536041.1216,188450.8433
RWG148082,536059.1059,188430.5552
RWG148083,534936.2703,187963.2528
RWG148084,538380.5103,192157.5673
RWG148085,536625.3184,187681.2728
RWG148086,536618.4033,187677.3633
RWG148087,536213.7867,188247.112
RWG148088,536024.4157,187873.3398
RWG148089,537888.0731,186701.0519
RWG148090,536107.8568,192370.0349
RWG148091,536145.1622,193430.5633
RWG148092,536261.5467,193742.9637
RWG150935,529993.5643,184836.236
RWG150936,530933.2533,185748.7756
RWG151409,555248.8922,186167.5909
RWG151429,556163.9128,189357.75
RWG151983,533192.2636,185537.4343
RWG151992,534520.1803,184258.5651
RWG151993,534460.0292,184080.8835
RWG151996,536876.0606,183436.4993
RWG152029,535420.3287,183709.1419
RWG152036,536331.0591,184993.7786
RWG152042,534684.5683,184139.4429
RWG152043,534659.4546,185947.5868
RWG152045,535570.2239,186558.6421
RWG152614,533327.5386,180895.6419
RWG152802,530203.4743,180824.6279
RWG153232,532737.7142,181033.4151
RWG153233,532685.4563,180907.3123
RWG166059,547998.0634,189064.5667
RWG166131,549737.2217,189552.9111
RWG166231,550560.4623,189476.4461
RWG166237,551131.7148,187350.8169
RWG166586,546721.599,187554.6812
RWG166614,542998.5533,184925.0939
RWG167123,546169.5577,187303.6052
RWG167208,543158.5123,183695.1787
RWG167458,540464.4243,185828.2474
RWG167461,540446.1418,185821.271
RWG167976,542081.4494,185416.4427
RWG168542,546858.4569,183844.6623
RWG168990,540924.3487,185139.1067
RWG169058,539856.8614,189310.7457
RWG169344,550103.8841,184261.6298
RWG169591,540618.7537,191123.3791
RWG169889,539281.8305,183550.8365
RWG169930,539281.1311,183194.7927
RWG170447,544496.5416,183318.2877
RWG170450,544540.0661,183498.4487
RWG170916,540546.3319,183254.5379
RWG170945,543315.6114,184901.0474
RWG170946,543308.6566,184857.1743
RWG170993,550401.9814,184363.1357
RWG170994,550389.5814,184344.8838
RWG171000,537756.9482,183735.6797
RWG171027,541189.3044,183595.2346
RWG171150,538806.0676,183985.4363
RWG184140,540925.4831,182857.0183
RWG184141,539752.6261,182019.2022
RWG184142,543718.4962,176342.5339
RWG184144,547410.5136,175892.1058
RWG184145,545828.0543,177350.2918
RWG184146,543936.262,179173.8805
RWG184147,543251.9741,179251.0261
RWG184148,543207.5093,179264.1261
RWG184149,543106.6552,177675.6881
RWG184150,547260.3,178876.5506
RWG184151,539066.5771,177949.661
RWG184152,545952.7707,174698.4142
RWG184153,546268.5387,178663.0012
RWG184154,546436.6483,178770.4687
RWG184155,540975.4392,176313.5083
RWG184156,539781.2963,178981.8953
RWG184158,539481.1314,178560.8322
RWG184159,539483.7723,178604.9161
RWG184160,540167.2059,182665.9662
RWG187174,536164.4367,189325.6002
RWG187175,536168.2689,189316.4125
RWG187186,536396.1423,197472.0969
RWG197300,542589.0358,174957.0132
RWG197301,542485.82,175179.3158
RWG197303,542634.8498,174269.0595
RWG197306,542814.9065,174289.7943
RWG197309,536292.9424,177885.862
RWG197314,543705.5525,174517.2424
RWG197317,538133.8883,177229.3
RWG197319,538515.5942,175294.8787
RWG197320,538658.463,175685.7718
RWG197321,539039.6291,175384.0294
RWG197322,538984.2083,175371.4876
RWG197323,537450.2402,177438.0721
RWG197327,541276.7079,175854.7189
RWG197328,538223.0751,176265.9821
RWG197329,538222.4282,176395.3545
RWG197330,538306.1283,176706.4265
RWG197331,539025.2789,177137.5671
RWG197332,539493.7002,176112.9387
RWG197333,539491.383,176123.7157
RWG197337,539937.9372,174956.0783
RWG197338,538921.0171,171544.3999
RWG197341,539305.2112,171556.9169
RWG197347,539775.4714,176351.8286
RWG197349,544113.3603,173184.5313
RWG197350,537338.6313,173646.884
RWG197356,545762.9374,169055.0781
RWG197360,538998.4337,172182.6951
RWG197361,539003.0312,172229.2128
RWG197362,545933.6918,164178.8586
RWG197367,535606.185,177108.7425
RWG199633,530339.819,174677.8465
RWG199634,530616.8071,173554.4738
RWG199635,530054.0271,174597.9812
RWG204251,535958.9207,174111.6247
RWG204252,535914.7427,173919.1406
RWG204253,535985.1612,173908.0732
RWG204254,537069.6408,172386.24
RWG204255,534846.1838,172228.7923
RWG204256,540563.3726,167415.8377
RWG204257,541518.8763,167598.1812
RWG204258,537947.7409,169395.4359
RWG204259,539467.8786,167143.5784
RWG204260,536876.5369,170188.9963
RWG204261,536176.9244,173897.1605
RWG204262,533942.7953,170664.3431
RWG204263,535052.3689,168093.0939
RWG206343,517967.0308,169581.7684
RWG206344,517964.4189,169618.1343
RWG206346,526843.0424,170375.3815
RWG206351,525334.8412,164812.2495
RWG206354,517792.7403,169663.0629
RWG206355,517788.9582,169620.8175
RWG206366,517959.4243,169796.6583
RWG206378,524131.8024,163679.6522
RWG206379,517831.7832,168844.0059
RWG206382,517873.9116,168854.0798
RWG206383,517864.5035,168873.0859
RWG206399,517974.2946,169253.4173
RWG206404,523732.8422,166275.5286
RWG206405,523415.8577,166483.5625
RWG206406,522999.8056,166868.937
RWG206409,524656.5912,166093.9442
RWG206414,518380.9993,169802.2222
RWG206416,517982.056,169049.2724
RWG206432,519454.7334,168182.1735
RWG215013,528085.8335,170512.138
RWG215086,528197.7684,162020.2844
RWG215227,528516.5991,169468.906
RWG215245,528393.4001,169586.3357
RWG215304,528008.2277,169370.0698
RWG215403,527303.0043,167172.2385
RWG215426,530713.9965,168122.104
RWG215466,528455.7572,169221.262
RWG215468,528394.2315,169323.9608
RWG215582,528854.7526,168601.4363
RWG215583,528839.8019,168604.2614
RWG215615,527138.2635,169184.0314
RWG215829,531656.1425,165322.2301
RWG215852,528059.7767,168326.2393
RWG215946,532521.0284,164189.0993
RWG215975,527333.4308,168768.9778
RWG215976,527417.7911,168816.4721
RWG216091,529715.5927,167982.9878
RWG216098,531083.4096,165007.0125
RWG216099,531126.5829,165106.6184
RWG216101,529641.0286,168008.258
RWG216105,529527.4917,168085.9527
RWG216138,529349.2786,168188.248
RWG216183,530260.1994,165176.6497
RWG216203,529654.3667,167942.5264
RWG216217,529526.1382,167580.6764
RWG216250,527079.8581,167620.566
RWG216261,529509.3981,164265.4095
RWG216270,527552.4345,168107.8654
RWG216361,532326.9445,165333.0407
RWG216363,532347.9515,165335.542
RWG216428,530472.0771,165131.4862
RWG216442,530677.9967,165191.3074
RWG216444,529468.7259,164556.5114
RWG216455,532328.0922,165416.3888
RWG216480,532328.1678,165500.2225
RWG216554,531874.3874,165287.1377
RWG216620,531870.4194,165162.5321
RWG216623,530033.5725,163996.9936
RWG216655,530173.9672,164187.5901
RWG216685,533022.0566,167703.3557
RWG216719,532561.0825,167030.706
RWG216736,531680.1262,165691.0679
RWG216739,531639.105,165742.685
RWG217198,530675.8284,167211.684
RWG217203,530026.2349,159040.757
RWG217204,530036.5594,159046.0628
RWG217236,531396.0493,166966.3963
RWG217270,525951.9695,164106.9402
RWG217272,525908.1501,164174.1674
RWG217388,525990.7554,163934.9186
RWG217470,530918.3969,157298.8449
RWG217471,530955.9249,157209.3929
RWG217902,533766.977,166422.6815
RWG217922,528113.8728,162771.4759
RWG218008,525479.4536,164636.471
RWG218058,527890.1418,164245.091
RWG218072,533227.1927,160204.8052
RWG220887,548060.2154,187031.0064
RWG231732,518226.8956,174517.1086
RWG231740,515101.2941,180903.2638
RWG231741,515173.7317,180488.0694
RWG231742,515196.1685,180158.1337
RWG231743,515372.3404,180237.1256
RWG231744,515400.6217,180237.6668
RWG231745,516779.0771,180679.2971
RWG231746,516627.083,180484.7713
RWG231747,516629.3716,180471.5281
RWG231748,516815.0116,179322.1191
RWG231749,518014.4045,180755.0651
RWG231750,517774.1378,180431.2114
RWG231751,516297.4865,180097.6007
RWG231752,516413.4278,180136.7227
RWG231753,511592.2891,176385.1167
RWG231754,514422.7382,175760.6746
RWG231755,514442.3235,175766.2663
RWG231756,513569.2725,175335.8295
RWG231757,513578.4398,175341.371
RWG231758,513629.8147,175290.3649
RWG231759,512894.9982,175544.3608
RWG231760,513069.9748,175918.8248
RWG231761,518661.2196,180151.0212
RWG231762,515555.7905,173164.2282
RWG231763,515546.5724,173165.3726
RWG231764,518079.672,178215.5955
RWG231765,518227.6124,178231.8641
RWG231766,518237.0369,178228.7357
RWG231767,516643.7609,175983.1732
RWG231768,516024.9421,179863.9927
RWG231769,516513.8142,175428.5441
RWG231770,516505.6377,175435.2157
RWG231771,514116.7709,174431.7145
RWG231772,514075.4316,174206.6251
RWG231773,516054.7873,173281.0011
RWG231774,521608.7588,177767.9352
RWG231775,521579.9813,177722.5344
RWG231776,513450.8457,174341.8286
RWG231777,513430.5023,174345.2524
RWG231778,515549.5453,173303.175
RWG231779,515001.6273,173304.8303
RWG231780,512173.3486,178346.2505
RWG231781,514697.3693,173244.1252
RWG231782,512062.7002,175085.8042
RWG231783,514257.1883,174461.2894
RWG231784,512834.12,177997.5007
RWG231785,514344.2441,174267.1678
RWG231786,522637.5567,177814.0213
RWG231787,520463.4693,179886.5748
RWG231788,520505.8826,180042.7028
RWG231789,519732.0489,180239.2407
RWG231790,519603.7631,180016.693
RWG231791,515401.5873,173967.0698
RWG231792,512479.1474,177620.9426
RWG231793,518358.3287,175342.4208
RWG231794,511571.0089,177679.4378
RWG231796,518228.9807,174517.907
RWG231797,510249.5868,172761.748
RWG231798,510220.5709,172783.9835
RWG231799,509494.9499,171859.5984
RWG231800,514014.7811,174076.6129
RWG231801,514016.5232,174111.4555
RWG231802,513523.8882,173871.2001
RWG231803,510345.9012,172418.1399
RWG231804,509741.7099,173040.9147
RWG231806,516012.6424,179218.0335
RWG231807,519918.8778,179569.0984
RWG231808,516908.6731,173316.7468
RWG231809,516996.2666,173358.0369
RWG231810,517142.86,173388.6231
RWG231817,518076.6762,178215.6031
RWG231827,512874.3718,177528.6811
RWG242128,510286.4715,178967.3085
RWG242179,513632.0259,179340.4938
RWG242180,513723.0447,179374.0303
RWG242181,513707.1666,179390.8773
RWG242182,513613.0329,179527.1349
RWG242184,513578.2442,179579.3822
RWG242225,509220.752,179388.6592
RWG242363,505381.08,179074.247
RWG242372,508684.0022,180191.5917
RWG242417,505748.0526,178718.8443
RWG242471,510825.3148,180330.9438
RWG242473,510713.8283,179817.1629
RWG242475,509811.0571,179671.9472
RWG242487,510028.4976,179602.7332
RWG242488,510310.226,179721.9869
RWG242601,508147.5243,181397.1316
RWG242606,507847.6097,181015.0373
RWG242630,507407.1247,181862.7928
RWG242747,509801.0717,179927.6373
RWG242894,508113.8346,178977.1401
RWG243139,511258.7486,183114.8934
RWG243213,507458.6979,184056.2471
RWG243214,508738.7546,189388.2133
RWG243337,505895.5259,183315.6831
RWG243435,511845.2047,186214.5455
RWG243445,505274.3805,183911.5501
RWG243461,512188.1908,185650.7256
RWG243462,512249.852,185680.1869
RWG243467,506479.1865,181911.8618
RWG243495,510905.4169,181309.5463
RWG243498,510585.895,179127.4449
RWG243518,510947.7083,184894.8149
RWG243523,510666.8575,187710.4844
RWG243537,512413.5584,183463.4972
RWG243546,510683.5185,185238.0359
RWG243561,510525.5709,185747.6038
RWG243621,511877.7655,182945.7665
RWG243659,512753.2361,182664.3915
RWG243705,511313.0286,184007.0149
RWG243725,511115.516,184380.4196
RWG243865,505134.0586,182287.0002
RWG243868,505343.8841,181951.8003
RWG243869,505772.3661,181462.6548
RWG243870,505788.4415,181419.6137
RWG243910,513682.854,185389.1199
RWG243912,513944.6948,185039.8743
RWG243963,511256.0297,182370.9427
RWG244014,510815.2564,180635.3812
RWG244046,512274.8791,184790.1996
RWG244050,533750.8889,176958.1691
RWG244273,539014.3773,178074.9029
RWG244274,546942.0114,175422.6471
RWG244659,535071.1677,185329.5501
RWG244660,535069.5786,185336.5482
RWG269023,515017.3332,191185.9586
RWG269235,516042.4159,189561.7252
RWG269247,516956.0264,192182.5135
RWG269564,515716.0614,191851.2314
RWG269633,518106.3929,189811.9604
RWG269801,519768.7524,186112.2444
RWG269805,519840.3926,186031.77
RWG270270,514047.2046,183882.8122
RWG270313,523470.9106,184770.0436
RWG270358,516354.8092,183044.6527
RWG270361,516355.134,183042.6124
RWG270362,516355.9454,183039.1056
RWG270380,519901.3237,187174.5788
RWG270656,519014.5713,185706.585
RWG270790,517701.2442,188892.8668
RWG270865,519195.8966,185710.5951
RWG271284,518216.9566,182675.5699
RWG271311,519052.9889,181563.9178
RWG271361,518949.9636,183408.657
RWG271383,516262.2998,193733.5794
RWG271632,519123.4558,183013.2744
RWG271753,520533.3087,188563.3792
RWG271822,517323.7728,189125.2419
RWG271997,520532.6677,184598.8258
RWG272179,514774.6455,185648.2473
RWG272197,515292.1922,185973.4361
RWG272513,520606.5835,180507.6189
RWG273023,525114.7085,182654.8081
RWG273066,512171.2315,186724.2036
RWG273109,525159.7684,183105.6178
RWG273357,514257.5003,182917.5373
RWG273649,521530.0024,183159.6946
RWG273668,515595.2089,182716.5365
RWG273669,518196.8605,190704.0218
RWG273673,518795.966,184241.8563
RWG273674,519424.6512,183987.4144
RWG273675,519394.3335,183924.4461
RWG276231,537014.1494,186919.8913
RWG276232,533401.9283,198204.0194
RWG276233,534518.2626,199101.2966
RWG276234,534511.9863,199105.1395
RWG276240,536396.6066,197472.4929
RWG277249,537293.1648,177886.4616
RWG277902,521642.7039,168086.1281
RWG277903,521644.4798,168070.7263
RWG278487,542897.4293,167392.0888
RWG278488,543542.4416,167351.2719
RWG278489,535592.5628,166173.4705
RWG278490,535551.7376,173273.381
RWG289354,524377.1945,197190.5308
RWG289355,525009.9012,197364.8638
RWG289357,528251.4538,192703.5165
RWG289358,528671.7951,192148.1493
RWG289359,527752.4589,191961.9559
RWG289360,524738.4108,191126.8138
RWG289361,520329.6292,192725.1823
RWG289362,527364.7838,191528.2577
RWG289363,529899.1411,187895.9495
RWG289364,526762.8985,195028.2287
RWG289365,530216.4807,190332.233
RWG289366,530136.3526,190213.3948
RWG289367,530055.2093,190087.9942
RWG289368,530055.2093,190087.9942
RWG289369,529695.0097,189729.8154
RWG289370,529275.9015,189809.8391
RWG289371,529326.4951,189833.5838
RWG289372,535087.0456,190576.2021
RWG289373,534235.073,191559.7435
RWG289374,524978.2187,189957.6497
RWG289375,525080.7523,189931.5378
RWG289376,525323.6752,189950.3005
RWG289377,525500.1434,189826.4477
RWG289378,525511.9584,189692.3273
RWG289379,531712.2425,187820.1951
RWG289380,533890.1442,189772.8999
RWG289381,534327.7994,191066.2355
RWG289382,534045.3325,189733.0514
RWG289383,530930.4122,187317.0262
RWG289384,533723.877,191023.3037
RWG289385,530869.9217,187357.4296
RWG289386,534191.1283,191403.0566
RWG289387,522934.2863,187756.305
RWG289388,531620.7379,189861.3834
RWG289389,534121.6708,190552.32
RWG289390,533599.6831,190401.0098
RWG289391,524800.8646,186159.8222
RWG289392,522281.9722,187662.7291
RWG289393,521546.1563,187562.3246
RWG289394,533801.2404,189234.0015
RWG289395,532168.5854,188643.0743
RWG289396,533441.0903,189450.2168
RWG289397,533468.0708,189456.0098
RWG289398,529976.7566,188831.0134
RWG289399,532692.7438,189345.3023
RWG289400,529975.0816,188589.5916
RWG289401,530575.0331,189497.2046
RWG289402,528613.9089,190742.6534
RWG289403,528624.2644,190662.5935
RWG289404,532423.3356,188124.8398
RWG289405,532283.1419,187928.6406
RWG289406,532282.9032,187887.8689
RWG289407,528648.6374,190559.8617
RWG289408,521540.9608,185123.6538
RWG289409,534282.2389,188826.5706
RWG289410,533246.6093,190593.6389
RWG289411,523935.566,189856.4256
RWG289412,533519.4322,191242.0781
RWG289413,533678.6313,191149.4124
RWG289756,546614.8116,185332.5791
RWG289757,541831.6971,188127.3445
RWG289758,540366.7026,191187.7561
RWG290997,538036.8903,177528.9785
RWG290998,538030.1138,177513.9561
RWG291320,519619.4794,180226.8822
RWG292071,533538.6597,170416.2192
RWG292079,537945.799,171363.8796
RWG292802,516138.7063,189012.114
RWG292803,516056.7578,188937.2189
RWG293227,513764.5535,175910.5337
RWG999360,541500.4232,169150.6684
RWG999361,544336.9147,166940.8235
RWG999362,544338.5813,166950.1897
RWG999363,538098.622,176309.7977
RWG999364,546611.6034,171869.6652
RWG999406,543991.8193,187829.0479
